Title,Snippet,URL,Topics
Cận cảnh nơi Hà Nội tính xây nhà hát 10.000 tỉ đồng ngay sát hồ Tây,"Nov 29, 2024 ... Theo tìm hiểu, nhà hát dự kiến được xây dựng theo dạng nổi nằm trên mặt nước giữa Đầm Trị, ngay sát hồ Tây. Nhà hát có diện tích khoảng 13.000m² ...",https://tuoitre.vn/can-canh-noi-ha-noi-tinh-xay-nha-hat-10-000-ti-dong-ngay-sat-ho-tay-20241129150111719.htm,
Vì sao hàng ngàn người tập trung trước Nhà hát lớn Hà Nội khiến ...,"Nov 24, 2024 ... Theo tìm hiểu của Tuổi Trẻ Online, sự kiện diễn ra trước khu vực Nhà hát lớn tối 24-11 sẽ có sự góp mặt của các ngôi sao đình đám hàng đầu ...",https://tuoitre.vn/vi-sao-hang-ngan-nguoi-tap-trung-truoc-nha-hat-lon-ha-noi-khien-duong-tac-tu-sang-toi-chieu-20241124164155963.htm,
Những con ma nhà hát của Lê Hoàng: Khi sân khấu không còn là ...,"Aug 23, 2024 ... Xuyên suốt mạch kịch, bốn nhân vật do Lê Khánh, Trương Hạ, Hữu Châu, Thành Lộc thủ vai đại diện cho bốn nhóm tính cách thường gặp ở một con ...",https://tuoitre.vn/nhung-con-ma-nha-hat-cua-le-hoang-khi-san-khau-khong-con-la-thanh-duong-20240815144905941.htm,
Nhà hát Hồ Gươm hài hòa với kiến trúc và cảnh quan tự nhiên ...,"Jul 9, 2023 ... Hà Nội dự kiến xây nhà hát 1.600 chỗ ngồi khu Đầm Trị, ngay sát hồ Tây. Các kiến trúc sư chọn cách gây ấn tượng cho công trình với mọi người ...",https://tuoitre.vn/nha-hat-ho-guom-hai-hoa-voi-kien-truc-va-canh-quan-tu-nhien-202307091427292.htm,
"Cháy quán bar ở tầng hầm Nhà hát Trưng Vương, Đà Nẵng - Tuổi ...","Oct 11, 2024 ... Vụ cháy quán bar ở tầng hầm đã khiến khói mù mịt bao phủ xung quanh khu vực Nhà hát Trưng Vương ở trung tâm thành phố Đà Nẵng. Cháy quán bar ở ...",https://tuoitre.vn/chay-quan-bar-o-tang-ham-nha-hat-trung-vuong-da-nang-20241011104046194.htm,
Tự Long làm giám đốc Nhà hát Chèo Quân đội; BTS hoãn lên sóng ...,"Dec 31, 2024 ... People đưa tin Angelina Jolie và Brad Pitt đã đạt được thỏa thuận ly hôn sau 8 năm, kể từ khi ngôi sao Maria đệ đơn chấm dứt cuộc hôn nhân kéo ...",https://tuoitre.vn/tu-long-lam-giam-doc-nha-hat-cheo-quan-doi-bts-hoan-len-song-vi-tham-kich-chay-may-bay-20241231102159803.htm,
Vì sao Nhà hát Hồ Gươm hiện đại lại có chiếc cổng tam quan cổ kính?,"Jul 11, 2023 ... Văn phòng kiến trúc sư Hồ Thiệu Trị và cộng sự đã thiết kế nhà hát gây chú ý trong mấy ngày qua. Nhưng ý tưởng trùng tu chiếc cổng tam quan cổ ...",https://tuoitre.vn/vi-sao-nha-hat-ho-guom-hien-dai-lai-co-chiec-cong-tam-quan-co-kinh-20230711173950332.htm,
Nhà hát Hồ Gươm 'không phải ai muốn vào diễn cũng được' - Tuổi ...,"Mar 12, 2024 ... Musical Seasons 2024 - 2025 sẽ khép lại bằng vở opera kinh điển Carmen của nhà soạn nhạc người Pháp Georges Bizet, do các nghệ sĩ của Nhà hát ...",https://tuoitre.vn/nha-hat-ho-guom-khong-phai-ai-muon-vao-dien-cung-duoc-20240312194728081.htm,
"Dự án nhà hát lại lỗi hẹn, Bình Thuận yêu cầu làm rõ trách nhiệm ...","Jul 18, 2024 ... Thời gian thực hiện dự án là 4 năm, cuối giai đoạn 2016-2020 và chuyển tiếp sang giai đoạn 2021-2025. Dự án được triển khai thi công từ năm 2019 ...",https://tuoitre.vn/du-an-nha-hat-lai-loi-hen-binh-thuan-yeu-cau-lam-ro-trach-nhiem-20240718164359635.htm,
"Ghé ga metro Nhà hát thành phố, đừng bỏ lỡ những địa điểm này","Dec 17, 2024 ... Cách lối số 1 ga metro Nhà hát Thành phố hơn 100m là Tượng đài Chủ tịch Hồ Chí Minh và tòa nhà trụ sở UBND TP.HCM. Nơi này được kết nối với phố ...",https://muctim.tuoitre.vn/ghe-ga-metro-nha-hat-thanh-pho-dung-bo-lo-nhung-dia-diem-nay-101241217201803874.htm,
"Cận cảnh Nhà hát hồ Gươm 5.000 m2 tại vị trí đất ""kim cương""","Jul 9, 2023 ... Với quy mô 5.000 m2, Nhà hát hồ Gươm nằm tại giao điểm những phố lớn trung tâm TP Hà Nội. Nhà hát có 6 tầng nổi, 3 tầng hầm, gồm khán phòng ...",https://nld.com.vn/thoi-su/can-canh-nha-hat-ho-guom-5000-m2-tai-vi-tri-dat-kim-cuong-cua-ha-noi-20230709134416491.htm,
Hai diễn viên bị đánh ghen khiến Nhà hát Nghệ thuật đương đại ...,"Nov 5, 2023 ... Vụ diễn viên của Nhà hát Nghệ thuật đương đại Việt Nam bị đánh ghen đã gây nhiều ảnh hưởng đến nhà hát. Trang Facebook của nhà hát bị khóa ...",https://nld.com.vn/thoi-su/hai-dien-vien-bi-danh-ghen-khien-nha-hat-nghe-thuat-duong-dai-viet-nam-bi-anh-huong-20231105202209793.htm,
Chơi vơi nhà hát Tây Đô,"Aug 31, 2016 ... Nhà hát này nằm tại Quảng trường Hùng Vương thuộc địa bàn phường 1, TP Bạc Liêu, có tên chính thức là Nhà hát Cao Văn Lầu và Trung tâm Triển lãm ...",https://nld.com.vn/van-hoa-van-nghe/nha-hat-vang-nguoi-xem-choi-voi-nha-hat-tay-do-20160831214101809.htm,
Nhà hát Lớn Hà Nội kỷ niệm 110 năm tuổi,"Dec 12, 2021 ... Dương Thụ trải lòng ở Nhà hát Lớn. (NLĐO)- Sân khấu của Những câu chuyện kể của tôi tối 9-11 tại Nhà hát Lớn Hà Nội không có những màn múa minh ...",https://nld.com.vn/van-nghe/nha-hat-lon-ha-noi-ky-niem-110-nam-tuoi-20211212094920104.htm,
Hà Nội muốn xây nhà hát Opera bên hồ Tây,"Jul 13, 2022 ... Nhà hát Opera được xây dựng nổi trên hồ Đầm Trị (quận Tây Hồ, Hà Nội) được kỳ vọng trở thành biểu tượng văn hóa mới của Thủ đô.",https://nld.com.vn/thoi-su/ha-noi-muon-xay-nha-hat-dien-tich-13000-m2-3500-cho-ben-ho-tay-20220713081230421.htm,
Những con ma nhà hát: Sân khấu cũng là đời,"Mar 26, 2007 ... Trong vai trò người dẫn truyện, NSƯT Thành Lộc cứ thế kéo khán giả đi đến tận cùng, từ đầu đến cuối vở. Không lạ khi vở diễn tập hợp một ê-kíp ...",https://nld.com.vn/san-khau/nhung-con-ma-nha-hat-san-khau-cung-la-doi-184137.htm,
"Vụ cháy gây khói đen dày đặc bủa vây Nhà hát Trưng Vương, Đà ...","Oct 11, 2024 ... (NLĐO) - Vụ cháy xuất phát từ khu vực tầng hầm Nhà hát Trưng Vương khiến khói đen bốc lên dữ dội.",https://nld.com.vn/vu-chay-gay-khoi-den-day-dac-bua-vay-nha-hat-trung-vuong-da-nang-196241011114119983.htm,
"Nhà hát kịch trên phố ""kim cương"" Tràng Tiền ngay trung tâm Thủ ...","Sep 9, 2022 ... Rác thải bị bỏ lại trước khu vực Nhà hát kịch Hà Nội (số 42 phố Tràng Tiền, phường Tràng Tiền, quận Hoàn Kiếm, TP Hà Nội) gây mất mỹ quan đô ...",https://nld.com.vn/thoi-su/nha-hat-kich-tren-pho-kim-cuong-trang-tien-thanh-bai-rac-ma-khong-ai-don-202209091209119.htm,
"""Bóng ma trong nhà hát"": Vở nhạc kịch thành công nhất mọi thời đại","Mar 16, 2004 ... Bằng chất giọng thuần khiết, trong vắt và những gì học được từ Phantom, Christie được nhận vai chính và vai diễn của cô đã làm rung động cả ...",https://nld.com.vn/van-hoa-van-nghe/bong-ma-trong-nha-hat-vo-nhac-kich-thanh-cong-nhat-moi-thoi-dai-54283.htm,
"""Thánh đường"" nghệ thuật ở Nhà hát Lớn: Vẫn là giấc mơ","May 14, 2017 ... Gần 20 chương trình thuộc nhiều loại hình sân khấu như kịch nói, tuồng, chèo, cải lương, ca múa nhạc… được lựa chọn biểu diễn tại Nhà hát Lớn ...",https://nld.com.vn/van-hoa-van-nghe/thanh-duong-nghe-thuat-o-nha-hat-lon-van-la-giac-mo-20170514212221787.htm,
Cận cảnh Nhà hát Hồ Gươm vừa lọt top 10 nhà hát opera tuyệt vời ...,"Dec 11, 2023 ... Theo kết quả bình chọn từ các chuyên gia du lịch của tổ chức Giải thưởng Du lịch Thế giới World Travel Awads, Top 10 nhà hát opera tuyệt vời ...",https://tienphong.vn/can-canh-nha-hat-ho-guom-vua-lot-top-10-nha-hat-opera-tuyet-voi-nhat-the-gioi-post1594690.tpo,
"Nhiều nhà hát ở Hà Nội đìu hiu, hoạt động cầm chừng","Jun 2, 2023 ... Gần 20 nhà hát quy mô từ 200- 1.000 chỗ ngồi được phân bổ khắp thành phố Hà Nội. Tuy nhiên không phải tất cả các rạp có thể sáng đèn đều đặn ...",https://tienphong.vn/nhieu-nha-hat-o-ha-noi-diu-hiu-hoat-dong-cam-chung-post1539418.tpo,
Diện mạo Nhà hát Hồ Gươm với sức chứa 900 ghế,"Jul 13, 2023 ... TPO - Được đánh giá là Nhà hát đầu tư những trang thiết bị hiện đại nhất cả nước, Nhà hát Hồ Gươm do Bộ Công an và UBND thành phố Hà Nội xây ...",https://tienphong.vn/dien-mao-nha-hat-ho-guom-voi-suc-chua-900-ghe-post1550940.tpo,
"Khám phá nhà hát Sông Hương 1.000 chỗ độc đáo, sang trọng và ...","Jul 25, 2020 ... TPO - Nhà hát Sông Hương (TP Huế) có quy mô 1.000 chỗ ngồi, với giá trị đầu tư gần 200 tỷ đồng vừa hoàn thành xây dựng, và là nơi tổ chức ...",https://tienphong.vn/nha-hat-1000-cho-doc-dao-sang-trong-va-hoanh-trang-bac-nhat-xu-hue-post1259488.tpo,
Ai thay thế vị trí giám đốc của NSND Xuân Bắc ở Nhà hát Kịch Việt ...,"Oct 31, 2024 ... Lãnh đạo của Nhà hát Kịch Việt Nam sẽ do lãnh đạo Bộ VHTTDL quyết định. Để biết được người kế nhiệm NSND Xuân Bắc vẫn phải đợi thông báo chính ...",https://tienphong.vn/ai-thay-the-vi-tri-giam-doc-cua-nsnd-xuan-bac-o-nha-hat-kich-viet-nam-post1687137.tpo,
"Cháy quán bar giữa trung tâm Đà Nẵng, nhà hát Trưng Vương chìm ...","Oct 11, 2024 ... Theo thông tin ban đầu, vào khoảng 9h sáng 11/10, tại quán Bar Lamboghini Club (số 118A, Nguyễn Chí Thanh, TP Đà Nẵng) bất ngờ bốc cháy.",https://tienphong.vn/chay-quan-bar-giua-trung-tam-da-nang-nha-hat-trung-vuong-chim-trong-bien-khoi-post1681400.tpo,
Thưởng thức hệ thống âm thanh hiện đại bậc nhất thế giới của Nhà ...,"Aug 16, 2023 ... Hệ thống âm thanh của nhà hát được cung cấp bởi Meyer Sound Laboratories (Mỹ) – nhà cung cấp thiết bị âm thanh cho các sân khấu Broadway và nhà ...",https://tienphong.vn/thuong-thuc-he-thong-am-thanh-hien-dai-bac-nhat-the-gioi-cua-nha-hat-ho-guom-post1560850.tpo,
Bốn nghệ sĩ nhận danh hiệu NSND của Nhà hát Kịch Việt Nam,"Mar 7, 2024 ... TPO - Tại Lễ trao danh hiệu nghệ sĩ nhân dân (NSND), nghệ sĩ ưu tú (NSƯT) lần thứ 10 diễn ra tại Nhà hát Lớn Hà Nội ngày 6/3, 8 nghệ sĩ, ...",https://tienphong.vn/bon-nghe-si-nhan-danh-hieu-nsnd-cua-nha-hat-kich-viet-nam-post1618207.tpo,
Người tạm thay NSND Xuân Bắc điều hành Nhà hát Kịch Việt Nam,"Nov 8, 2024 ... TPO - NSƯT Kiều Minh Hiếu - Phó Giám đốc Nhà hát Kịch Việt Nam sẽ điều hành hoạt động và đứng tên chủ tài khoản của nhà hát trong thời gian ...",https://tienphong.vn/nguoi-tam-thay-nsnd-xuan-bac-dieu-hanh-nha-hat-kich-viet-nam-post1689661.tpo,
Ba nghệ sĩ ở Nhà hát Kịch Việt Nam được phong Nghệ sĩ Nhân dân,"Dec 7, 2023 ... TPO - Nhà hát Kịch Việt Nam có ba nghệ sĩ được phong tặng danh hiệu Nghệ sĩ Nhân dân (NSND) theo quyết định 1431/QĐ-CTN do Chủ tịch nước Võ ...",https://tienphong.vn/ba-nghe-si-o-nha-hat-kich-viet-nam-duoc-phong-nghe-si-nhan-dan-post1593129.tpo,
NSND Tự Long được bổ nhiệm làm Giám đốc Nhà hát Chèo Quân ...,"Dec 30, 2024 ... (Dân trí) - NSND Vũ Tự Long được bổ nhiệm làm Giám đốc Nhà hát Chèo Quân đội, thay NSND Quốc Trượng nghỉ hưu theo chế độ.",https://dantri.com.vn/giai-tri/nsnd-tu-long-duoc-bo-nhiem-lam-giam-doc-nha-hat-cheo-quan-doi-20241230210607336.htm,
Nhà hát Hồ Gươm lọt top 10 nhà hát opera tốt nhất thế giới | Báo ...,"Dec 11, 2023 ... Một trong những điểm nhấn của công trình là kiến trúc châu Âu cổ kính có 52 cột đá với mỗi cột cao 18m, được nhập khẩu từ Tây Ban Nha. Ngoài ra, ...",https://dantri.com.vn/du-lich/nha-hat-ho-guom-lot-top-10-nha-hat-opera-tot-nhat-the-gioi-20231210230656443.htm,
"Cận cảnh nhà hát Hồ Gươm, có sân khấu hiện đại bậc nhất Đông ...","Jul 9, 2023 ... (Dân trí) - Nhà hát Hồ Gươm do Bộ Công an và UBND thành phố Hà Nội đầu tư xây dựng tại phố Hàng Bài (Hà Nội) có 2 khán phòng lớn và sân khấu ...",https://dantri.com.vn/van-hoa/can-canh-nha-hat-ho-guom-co-san-khau-hien-dai-bac-nhat-dong-nam-a-20230708163344562.htm,
Nhà hát Opera bên Hồ Tây sẽ được xây dựng như thế nào? | Báo ...,"Jul 16, 2022 ... Được biết, ""cha đẻ"" của ý tưởng độc đáo này là kiến trúc sư người Italia - ông Renzo Piano, một kiến trúc sư huyền thoại trong làng kiến trúc ...",https://dantri.com.vn/xa-hoi/nha-hat-opera-ben-ho-tay-se-duoc-xay-dung-nhu-the-nao-20220715154714580.htm,
Những bí mật có thể bạn chưa biết về nhà hát cổ ở Hy Lạp | Báo ...,"Nov 13, 2021 ... Nhà hát cổ Epidaurus ở thành phố Epidaurus, Hy Lạp là một kiệt tác kiến trúc được thiết kế bởi kiến trúc sư đến từ Argos, Hy Lạp. Đây được coi ...",https://dantri.com.vn/du-lich/nhung-bi-mat-co-the-ban-chua-biet-ve-nha-hat-co-o-hy-lap-20211112110329318.htm,
Thành lập Nhà hát Hồ Gươm | Báo Dân trí,"Jun 10, 2023 ... (Dân trí) - Nhà hát Hồ Gươm trực thuộc Cục Công tác đảng và công tác chính trị (Bộ Công an), do Thiếu tướng, NSND Nguyễn Công Bẩy làm Giám ...",https://dantri.com.vn/xa-hoi/thanh-lap-nha-hat-ho-guom-20230610130819141.htm,
Chân dung nhóm khủng bố nhận tấn công nhà hát Nga | Báo Dân trí,"Mar 23, 2024 ... (Dân trí) - ISIS-K, nhóm nhận trách nhiệm vụ khủng bố đẫm máu tại Nga tối 22/3, đã thực hiện nhiều vụ tấn công gây thương vong, trong đó có vụ ...",https://dantri.com.vn/the-gioi/chan-dung-nhom-khung-bo-nhan-tan-cong-nha-hat-nga-20240323161511926.htm,
Kiến nghị Hà Nội sớm triển khai nhà hát Opera ở Quảng An | Báo ...,"Jan 11, 2024 ... (Dân trí) - Quận Tây Hồ kiến nghị Hà Nội sớm triển khai thực hiện 3 dự án trọng điểm trên địa bàn quận, trong đó có Nhà hát Opera tại khu vực ...",https://dantri.com.vn/xa-hoi/kien-nghi-ha-noi-som-trien-khai-nha-hat-opera-o-quang-an-20240111200356972.htm,
Hà Nội phê duyệt quy hoạch nhà hát Opera sát hồ Tây | Báo Dân trí,"Nov 28, 2024 ... (Dân trí) - Điểm nhấn của khu vực trục không gian trung tâm bán đảo Quảng An tỷ lệ 1/500 vừa được phê duyệt là sẽ xây dựng một nhà hát có ...",https://dantri.com.vn/xa-hoi/ha-noi-phe-duyet-quy-hoach-nha-hat-opera-sat-ho-tay-20241128121704179.htm,
"NSND Trung Hiếu, Công Lý mừng khi Nhà hát Kịch Hà Nội có Phó ...","Aug 4, 2023 ... (Dân trí) - Ngày 3/8, Sở Văn hóa và Thể thao Hà Nội trao quyết định bổ nhiệm NSƯT Dương Đức Quang làm Phó giám đốc Nhà hát Kịch Hà Nội.",https://dantri.com.vn/van-hoa/nsnd-trung-hieu-cong-ly-mung-khi-nha-hat-kich-ha-noi-co-pho-giam-doc-moi-20230804140742426.htm,
"Ngoài là nơi biểu diễn nghệ thuật, nhà hát còn chức năng gì? - Âm ...","Oct 13, 2018 ... Ngoài các thính phòng phục vụ mục đích trình diễn nghệ thuật, nhà hát còn được sử dụng với những mục đích khác như nghiên cứu và phát triển âm ...",https://lifestyle.zingnews.vn/ngoai-la-noi-bieu-dien-nghe-thuat-nha-hat-con-chuc-nang-gi-post883960.html,
Nhà hát Con Sò lộng lẫy trong đêm giao thừa ở Sydney - Thế giới,"Dec 31, 2016 ... Nhà hát opera Sydney nổi tiếng là địa điểm bắn pháo hoa truyền thống ở Australia, thu hút khoảng 1,5 triệu người đổ về xem các màn trình ...",https://zingnews.vn/nha-hat-con-so-long-lay-trong-dem-giao-thua-o-sydney-post710242.html,
Những nhà hát biểu tượng trên thế giới có tầm vóc ra sao? - Âm nhạc,"Oct 10, 2018 ... Nhà hát giao hưởng, opera không chỉ là những công trình nổi tiếng, có tầm vóc mà còn được xem là biểu tượng văn hóa, nghệ thuật và du lịch ...",https://zingnews.vn/nhung-nha-hat-bieu-tuong-tren-the-gioi-co-tam-voc-ra-sao-post883023.html,
Nhà hát 3 nón lá 222 tỷ xây chưa xong đã được xác lập kỷ lục - Xã hội,"Oct 14, 2014 ... Nhà hát 3 nón lá 222 tỷ xây chưa xong đã được xác lập kỷ lục. Nhà hát Cao Văn Lầu và Trung tâm Triển lãm văn hóa nghệ thuật tỉnh Bạc Liêu chỉ ...",https://zingnews.vn/nha-hat-3-non-la-222-ty-xay-chua-xong-da-duoc-xac-lap-ky-luc-post467677.html,
Những nhà hát opera nổi tiếng thế giới - Địa điểm du lịch,"Oct 11, 2018 ... Royal Opera House (Anh): Vị trí nhà hát này trên con phố lớn Bow Street ở khu Covent Garden, London vốn từng tồn tại những nhà hát khác nhau từ ...",https://lifestyle.zingnews.vn/nhung-nha-hat-opera-noi-tieng-the-gioi-post876832.html,
Bộ Văn hóa nói về việc xây nhà hát opera ở hồ Tây - Xã hội,"Jul 28, 2022 ... Theo đồ án này, tại khu vực đầm Trị (phường Quảng An, Tây Hồ) sẽ được xây dựng một nhà hát opera với diện tích rộng khoảng 13.000 m2. Quy mô chỗ ...",https://zingnews.vn/bo-van-hoa-noi-ve-viec-xay-nha-hat-opera-o-ho-tay-post1340008.html,
Giám đốc Nhà hát Kịch Việt Nam Anh Tú qua đời ở tuổi 56 - Đời ...,"Dec 20, 2018 ... Sau nhiều tháng điều trị bệnh, NSND Anh Tú đã qua đời lúc 12h15 phút, ngày 20/12 tại bệnh viện ở Hà Nội, hưởng dương 56 tuổi.",https://zingnews.vn/giam-doc-nha-hat-kich-viet-nam-anh-tu-qua-doi-o-tuoi-56-post902034.html,
Bi kịch đằng sau chiếc ghế giám đốc Nhà hát Kịch Việt Nam - Giải trí,"Sep 20, 2017 ... Ở thời điểm sân khấu bế tắc nhất, NSND Lê Hùng giữ chức giám đốc của cả 2 nhà hát: Nhà hát Tuổi trẻ và Nhà hát Kịch Việt Nam. Khi đó, NSND Lê ...",https://zingnews.vn/bi-kich-dang-sau-chiec-ghe-giam-doc-nha-hat-kich-viet-nam-post780774.html,
Chí Trung: Nhà hát Tuổi trẻ sắp có cơ sở mới với vốn đầu tư 400 tỷ ...,"Feb 28, 2018 ... Nhà hát được xây dựng trên diện tích đất 6.724 m2, với 5 tầng nổi, 3 tầng chìm. Nhà hát có 2 sân khấu với quy mô khác nhau, sân khấu lớn 920 chỗ ...",https://zingnews.vn/chi-trung-nha-hat-tuoi-tre-sap-co-co-so-moi-voi-von-dau-tu-400-ty-post822256.html,
Hà Nội sơn lại Nhà hát Lớn trở về màu cũ,"Jul 24, 2015 ... Nhà hát Lớn Hà Nội được sơn mới sặc sỡ ... Đầu tháng 7, Nhà hát Lớn Hà Nội - công trình Pháp cổ hơn 100 tuổi được sơn mới màu vàng đậm pha trắng, ...",https://zingnews.vn/ha-noi-son-lai-nha-hat-lon-tro-ve-mau-cu-post562301.html,
Hà Nội phê duyệt quy hoạch nhà hát Opera tầm cỡ quốc tế tại ...,"Dec 2, 2024 ... Đặc biệt, dự án nhà hát được thiết kế bởi kiến trúc sư nổi tiếng người Ý Renzo Piano - “cây đại thụ” của ngành kiến trúc hiện đại với những tác ...",https://vietnamnet.vn/ha-noi-phe-duyet-quy-hoach-nha-hat-opera-tam-co-quoc-te-tai-quang-an-tay-ho-2347800.html,
Nhà hát Hồ Gươm đứng đầu top 'nhà hát opera tuyệt vời nhất thế giới',"Dec 8, 2023 ... Nhà hát Hồ Gươm đứng đầu top 'nhà hát opera tuyệt vời nhất thế giới' · Mới đây, trang web 10best của tổ chức 'Giải thưởng Du lịch Thế giới World ...",https://vietnamnet.vn/nha-hat-ho-guom-dung-dau-top-nha-hat-opera-tuyet-voi-nhat-the-gioi-2224677.html,
Toàn cảnh vị trí sát Hồ Tây sẽ xuất hiện nhà hát 10.000 tỷ đồng,"Nov 30, 2024 ... Phía Đông Nam giáp các khu đất ven trục không gian Đặng Thai Mai, khu biệt thự Tây Hồ. nha hat ho tay 5 124917.jpg. Vị trí hồ Đầm Trị, nơi được ...",https://vietnamnet.vn/toan-canh-vi-tri-sat-ho-tay-se-xuat-hien-nha-hat-10-000-ty-dong-2347087.html,
Giám đốc Nhà hát Ca múa nhạc Quân đội được phong tặng NSND,"Dec 8, 2023 ... Đại tá, NSƯT Nguyễn Thị Bích Hạnh (nghệ danh Hồng Hạnh) là một trong những nữ ca sĩ xuất sắc của quân đội. Chị là nghệ sĩ nữ đầu tiên giữ cương ...",https://vietnamnet.vn/giam-doc-nha-hat-ca-mua-nhac-quan-doi-duoc-phong-tang-nsnd-2223367.html,
Vườn âm nhạc đặc biệt tại Nhà hát Lớn,"Mar 3, 2024 ... Với mục đích này, Nhà hát Lớn Hà Nội tạo dựng ý tưởng khuôn viên 3.000m2 Vườn âm nhạc, lấy tên là Garden Music. Không gian ngoài trời mang đến ...",https://vietnamnet.vn/vuon-am-nhac-dac-biet-tai-nha-hat-lon-2255383.html,
Bên trong Nhà hát Hồ Gươm hiện đại nhất Việt Nam,"Jul 9, 2023 ... Salmon tổ chức trưng bày 25 bản in từ kiệt tác của các họa sĩ nổi tiếng như Lê Phổ, Mai Trung Thứ, Vũ Cao Đàm…theo hình thức mô phỏng lại không ...",https://vietnamnet.vn/ben-trong-nha-hat-ho-guom-hien-dai-nhat-viet-nam-2163215.html,
"Nhà hát Hồ Gươm: Nếu có tâm, mọi chuyện đều có thể","Aug 18, 2023 ... Đến với Nhà hát Hồ Gươm tối qua, tôi tự nhủ đây đúng là một địa điểm khiến người ta rung động.",https://vietnamnet.vn/nha-hat-ho-guom-neu-co-tam-moi-chuyen-deu-co-the-2178894.html,
"Đại tá, NSND Tự Long được bổ nhiệm làm Giám đốc Nhà hát Chèo ...","Dec 30, 2024 ... Theo Quyết định số 133/QĐX-BQP ngày 10/12/2024 của Bộ trưởng Bộ Quốc phòng về việc Đại tá, NSND Nguyễn Quốc Trượng, Giám đốc Nhà hát Chèo Quân ...",https://vietnamnet.vn/dai-ta-nsnd-tu-long-duoc-bo-nhiem-lam-giam-doc-nha-hat-cheo-quan-doi-2358319.html,
Tài xế drift xe Nissan trước Nhà hát Lớn đối diện hình phạt nào?,"Apr 18, 2023 ... Ô tô drift gây náo loạn trước Nhà hát LớnTại cơ quan công an, bước đầu T. khai nhận đã điều khiển xe ô tô 4 chỗ chạy drift trước khu vực Nhà hát ...",https://vietnamnet.vn/tai-xe-drift-xe-nissan-truoc-nha-hat-lon-doi-dien-hinh-phat-nao-2133907.html,
Nhà hát Hồ Gươm lọt Top 10 nhà hát opera tuyệt vời nhất thế giới,"Dec 8, 2023 ... Nhà hát Hồ Gươm (Hà Nội) là đại diện duy nhất của Việt Nam lọt vào Top 10 nhà hát opera tuyệt vời nhất thế giới. · 'Bậc thầy' vĩ cầm, 2 giọng ca ...",https://vietnamnet.vn/nha-hat-ho-guom-lot-top-10-nha-hat-opera-tuyet-voi-nhat-the-gioi-2224654.html,
Nhà hát Hồ Gươm hiện đại nhất Việt Nam,"Jul 9, 2023 ... Nhà hát Hồ Gươm ở 40-40A Hàng Bài (Hà Nội) là nhà hát đầu tiên tại Việt Nam được cung cấp loại máy móc thiết bị rạp hát đạt tiêu chuẩn quốc ...",https://vov.vn/multimedia/anh/ben-trong-nha-hat-ho-guom-hien-dai-nhat-viet-nam-post1031481.vov,
Nhà hát 3 nón lá công trình kiến trúc văn hóa độc đáo giữa lòng ...,"Apr 15, 2023 ... Tọa lạc cạnh Quảng trường Hùng Vương, Phường 1, thành phố Bạc Liêu, Nhà hát Cao Văn Lầu được xây dựng theo mô hình 3 chiếc nón lá đan xen ...",https://vov.vn/van-hoa/di-san/nha-hat-3-non-la-cong-trinh-kien-truc-van-hoa-doc-dao-giua-long-mien-tay-post1014124.vov,
Cận cảnh Nhà hát dân ca Quan họ hơn 241 tỷ đồng đang gây tranh ...,"May 15, 2023 ... Nhà hát dân ca Quan họ Bắc Ninh được xây dựng từ năm 2016 nằm trên diện tích 19.400m2 và hoàn thành từ năm 2020 do Ban quản lý khu vực phát ...",https://vov.vn/van-hoa/di-san/can-canh-nha-hat-dan-ca-quan-ho-hon-241-ty-dong-dang-gay-tranh-cai-o-bac-ninh-post1020131.vov,
"Nhà hát Kịch Việt Nam: Cuộc chiến phe cánh, nghệ sĩ u uất cuối đời ...","Sep 18, 2017 ... Nhưng việc NSND Lê Hùng cùng lúc đứng đầu hai nhà hát lớn gây nhiều bàn tán, có những ý kiến không đồng tình từ các nghệ sĩ nổi tiếng. Nhiều ...",https://vov.vn/van-hoa-giai-tri/nha-hat-kich-viet-nam-cuoc-chien-phe-canh-nghe-si-u-uat-cuoi-doi-672441.vov,
Nhà hát Hải Phòng và trận đánh không thể lãng quên | VOV.VN,"Dec 17, 2016 ... Ngày 20/12/1946, tại Hang Trầm (huyện Chương Mỹ, Hà Tây), Đài Tiếng nói Việt Nam đã phát đi ""Lời kêu gọi toàn quốc kháng chiến"". Thế nhưng ít ai ...",https://vov.vn/chinh-tri/nha-hat-hai-phong-va-tran-danh-khong-the-lang-quen-578294.vov,
Bức Tường hát Rock trong Nhà hát Hồ Gươm,"Aug 20, 2024 ... VOV.VN - ""Những bức tường"" là phim tài liệu về ban nhạc rock hàng đầu Việt Nam - Bức Tường. Phim có thời lượng dài 116 phút, tái hiện những khó ...",https://vov.vn/van-hoa/am-nhac/ban-nhac-buc-tuong-lan-dau-tien-lam-liveshow-trong-nha-hat-ho-guom-post1115565.vov,
Nhà hát Lớn Hà Nội - Kiến trúc và lịch sử | VOV.VN,"Oct 26, 2009 ... Nhà hát Lớn là nơi đã chứng kiến những giây phút hoà bình đầu tiên trên đất nước, là một nhân chứng cách mạng của Thủ đô Hà Nội nghìn năm văn ...",https://vov.vn/ha-noi-ngan-nam/nha-hat-lon-ha-noi-kien-truc-va-lich-su-125222.vov,
Những điều chưa biết về Nhà hát Opera Sydney biểu tượng của ...,"Oct 20, 2018 ... Hành trình tới biểu tượng của Nhà hát Opera Sydney. VOV.VN-Kể từ khi bắt đầu mở cửa vào năm 1973, Nhà hát Opera đã trở thành biểu tượng của ...",https://vov.vn/the-gioi/cuoc-song-do-day/nhung-dieu-chua-biet-ve-nha-hat-opera-sydney-bieu-tuong-cua-australia-827973.vov,
Nhà hát Ca múa nhạc Quân đội - Những nghệ sỹ mặc áo lính hết ...,"May 18, 2024 ... Các nghệ sĩ, diễn viên của Nhà hát đã đi dọc chiều dài đất nước, từ núi rừng biên cương, đến các hải đảo xa xôi, cả những nơi khó khăn, ...",https://vov2.vov.vn/van-hoa-giai-tri/nhung-nghe-sy-mac-ao-linh-het-minh-vi-nghe-thuat-48405.vov2,
Nhà hát Trưng Vương – Thành phố Đà Nẵng | VOV3.VOV.VN,"Dec 21, 2023 ... Nhà hát Trưng Vương phấn đấu trở thành một đơn vị nghệ thuật đa năng, chuyên nghiệp ở tất cả mọi thể loại ca – múa – nhạc. Nhà hát Trưng Vương ...",https://vov3.vov.vn/am-nhac-viet-nam/nha-hat-trung-vuong-thanh-pho-da-nang-467.vov,
Thủ tướng Phạm Minh Chính dự lễ khánh thành Nhà hát “Đó”,"Apr 1, 2023 ... Trong thời gian làm việc tại Khánh Hòa , đoàn công tác của Chính phủ do Thủ tướng Phạm Minh Chính dẫn đầu đã đến dự khánh thành Nhà hát “Đó” ...",https://laodong.vn/thoi-su/thu-tuong-pham-minh-chinh-du-le-khanh-thanh-nha-hat-do-1174414.ldo,
Lí do hàng nghìn người tập trung trước Nhà hát lớn Hà Nội,"Nov 24, 2024 ... Người dùng mạng xã hội hiện đang chia sẻ hình ảnh hàng nghìn bạn trẻ tập trung trước khu vực Nhà hát lớn Hà Nội (Hoàn Kiếm, Hà Nội). Việc có quá ...",https://laodong.vn/ban-doc/li-do-hang-nghin-nguoi-tap-trung-truoc-nha-hat-lon-ha-noi-1425944.ldo,
Ai sẽ thay NSND Xuân Bắc làm Giám đốc Nhà hát Kịch Việt Nam?,"Oct 31, 2024 ... Ai sẽ thay NSND Xuân Bắc làm Giám đốc Nhà hát Kịch Việt Nam? ... NSND Xuân Bắc sẽ nhận nhiệm vụ mới là Cục trưởng Cục Nghệ thuật Biểu diễn từ ngày ...",https://laodong.vn/van-hoa-giai-tri/ai-se-thay-nsnd-xuan-bac-lam-giam-doc-nha-hat-kich-viet-nam-1415164.ldo,
Đại tướng Phan Văn Giang gửi thư mừng Nhà hát Chèo Quân đội,"Sep 30, 2024 ... Nhân kỷ niệm 70 năm Ngày truyền thống (1.10.1954 - 1.10.2024), Đại tướng Phan Văn Giang - Bộ trưởng Bộ Quốc phòng - gửi thư chúc mừng Nhà ...",https://laodong.vn/thoi-su/dai-tuong-phan-van-giang-gui-thu-mung-nha-hat-cheo-quan-doi-1401432.ldo,
"Ninh Bình có nhà hát mang tên ""Bà tổ ngành sân khấu""","Aug 2, 2024 ... Nhà văn hóa trung tâm tỉnh Ninh Bình chính thức được đổi tên thành Nhà hát Phạm Thị Trân - ""Bà tổ ngành sân khấu"" Việt Nam.",https://laodong.vn/van-hoa-giai-tri/ninh-binh-co-nha-hat-mang-ten-ba-to-nganh-san-khau-1374823.ldo,
Nhà hát Hồ Gươm trong top 10 nhà hát opera tuyệt vời nhất thế giới,"Dec 8, 2023 ... Nhà hát Hồ Gươm (Hà Nội) là đại diện duy nhất của Việt Nam lọt vào danh sách trên khi sánh vai cùng những “biểu tượng” của thế giới như: Nhà hát ...",https://laodong.vn/du-lich/tin-tuc/nha-hat-ho-guom-trong-top-10-nha-hat-opera-tuyet-voi-nhat-the-gioi-1277459.html,
NSND Tự Long được bổ nhiệm làm Giám đốc Nhà hát Chèo Quân đội,"Dec 30, 2024 ... Ngày 30.12, Hội nghị bàn giao chức trách, nhiệm vụ Giám đốc Nhà hát Chèo Quân đội do Thiếu tướng Trần Ngọc Anh, Phó Bí thư Đảng ủy Cơ quan TCCT, ...",https://laodong.vn/giai-tri/nsnd-tu-long-duoc-bo-nhiem-lam-giam-doc-nha-hat-cheo-quan-doi-1443162.ldo,
Hình tượng “Nhà hát Đó” ở Nha Trang gây tranh luận,"Feb 18, 2023 ... Trên một số phương tiện truyền thông giới thiệu nhà hát mới xây ở Nha Trang có tên “Đó” như một biểu tượng về du lịch, văn hóa mới của địa ...",https://laodong.vn/xa-hoi/hinh-tuong-nha-hat-do-o-nha-trang-gay-tranh-luan-1149040.ldo,
TPHCM sẽ xây Nhà hát Thủ Thiêm gần 2.000 tỉ đồng hiện đại bậc ...,"Jun 17, 2024 ... TPHCM - Nhà hát giao hưởng, nhạc và vũ kịch ở khu đô thị mới Thủ Thiêm (gọi tắt là Nhà hát Thủ Thiêm ) tổng vốn 2.000 tỉ đồng sẽ có thiết kế ...",https://laodong.vn/quy-hoach/tphcm-se-xay-nha-hat-thu-thiem-gan-2000-ti-dong-hien-dai-bac-nhat-the-gioi-1354245.ldo,
Lý do IS tấn công khủng bố nhà hát Nga,"Mar 24, 2024 ... Điều tra nguyên nhân người phụ nữ tử vong bất thường sau vụ đòi nợ ... Bình Thuận - Người phụ nữ 60 tuổi tử vong bất thường sau nhiều ngày điều ...",https://laodong.vn/tu-lieu/ly-do-is-tan-cong-khung-bo-nha-hat-nga-1318795.ldo,
Nhà hát VOH: Giấc mơ của những người làm nghề | BÁO SÀI GÒN ...,"Jun 29, 2017 ... Nhà hát có 350 ghế này được cải tạo từ hội trường của Đài Tiếng nói Nhân dân TPHCM với trang bị mới hoàn toàn từ hệ thống âm thanh, ánh sáng, ...",https://www.sggp.org.vn/nha-hat-voh-giac-mo-cua-nhung-nguoi-lam-nghe-post439555.html,
Quảng Bình: Nhà hát hơn 216 tỷ đồng nứt tứ phía | BÁO SÀI GÒN ...,"Sep 26, 2019 ... Ngày 26-9, người dân lại phát hiện nhà hát Quảng Bình thuộc Trung tâm văn hóa tỉnh Quảng Bình (phường Đồng Phú, thành phố Đồng Hới) vừa đưa ...",https://www.sggp.org.vn/quang-binh-nha-hat-hon-216-ty-dong-nut-tu-phia-post532217.html,
Khai trương Nhà hát Quân đội tại TP Hồ Chí Minh | BÁO SÀI GÒN ...,"Apr 10, 2009 ... Đây là một nhà hát hiện đại do Bộ Quốc phòng đầu tư xây dựng với kinh phí 50 tỷ đồng (chưa kể trang thiết bị chuyên ngành), khuôn viên rộng gần ...",https://www.sggp.org.vn/khai-truong-nha-hat-quan-doi-tai-tp-ho-chi-minh-post74174.html,
Bình Thuận: Dự án nhà hát 200 tỷ đồng lại chậm tiến độ | BÁO SÀI ...,"Nov 20, 2024 ... Bình Thuận: Dự án nhà hát 200 tỷ đồng lại chậm tiến độ ... UBND tỉnh Bình Thuận yêu cầu rà soát lại toàn bộ hồ sơ dự án Nhà hát và triển lãm văn ...",https://www.sggp.org.vn/binh-thuan-du-an-nha-hat-200-ty-dong-lai-cham-tien-do-post769249.html,
Những nhà hát nổi tiếng thế giới - Bài 1: Đến với hai biểu tượng của ...,"Oct 29, 2018 ... Khán phòng gồm 5 tầng, có sức chứa hơn 2.200 khán giả, nổi bật với sắc đỏ và vàng. Mái vòm của khán phòng lớn được trang trí bằng bức bích họa ...",https://www.sggp.org.vn/nhung-nha-hat-noi-tieng-the-gioi-bai-1-den-voi-hai-bieu-tuong-cua-phap-va-nga-post497856.html,
Nhà hát Nghệ thuật Hát bội đối mặt thách thức | BÁO SÀI GÒN GIẢI ...,"Jul 26, 2020 ... 5 năm qua, gần 10 nghệ sĩ kỳ cựu, giỏi nghề của Nhà hát Nghệ thuật Hát bội TPHCM rời sàn diễn vì đến tuổi hưu, trong khi lớp trẻ bổ sung vào ...",https://www.sggp.org.vn/nha-hat-nghe-thuat-hat-boi-doi-mat-thach-thuc-post562946.html,
Đã có “ngôi nhà riêng” cho sân khấu truyền thống tại Hà Nội | BÁO ...,"Aug 19, 2007 ... Nhà hát Kim Mã, nơi đang diễn ra những hoạt động kỷ niệm 50 năm Hội Nghệ sĩ sân khấu Việt Nam. Sau 7 năm trời lận đận, đến nay, nhà ...",https://www.sggp.org.vn/da-co-ngoi-nha-rieng-cho-san-khau-truyen-thong-tai-ha-noi-post34865.html,
"Nhà hát Ca múa nhạc Dân tộc Bông Sen giữ gìn, phát huy nghệ ...","Sep 13, 2011 ... Nhà hát Ca múa nhạc Dân tộc Bông Sen giữ gìn, phát huy nghệ thuật dân tộc ... Trong những ngày này, Nhà hát Ca múa nhạc dân tộc Bông Sen rộn ràng ...",https://www.sggp.org.vn/nha-hat-ca-mua-nhac-dan-toc-bong-sen-giu-gin-phat-huy-nghe-thuat-dan-toc-post104215.html,
Khởi công công trình sửa chữa lớn Nhà hát Hòa Bình | BÁO SÀI ...,"Dec 21, 2024 ... Sáng 22-12, UBND quận 10 tổ chức lễ khởi công công trình sửa chữa lớn Nhà hát Hòa Bình nhân kỷ niệm 50 năm Ngày Giải phóng miền Nam, ...",https://www.sggp.org.vn/khoi-cong-cong-trinh-sua-chua-lon-nha-hat-hoa-binh-post774303.html,
Bao giờ khôi phục Nhà hát An Nhơn Tây? | BÁO SÀI GÒN GIẢI ...,"Jun 8, 2006 ... Bao giờ khôi phục Nhà hát An Nhơn Tây? ... Bao giờ khôi phục Nhà hát An Nhơn Tây? Trên mặt bằng 12.000m2 tọa lạc tại ngã tư Tỉnh lộ 15 và Tỉnh lộ ...",https://www.sggp.org.vn/bao-gio-khoi-phuc-nha-hat-an-nhon-tay-post246766.html,
Thủ tướng Phạm Minh Chính cắt băng khánh thành Nhà hát Đó ở ...,"Apr 1, 2023 ... (PLO)- Thủ tướng Phạm Minh Chính đã dự lễ và cắt băng khánh thành Nhà hát Đó – được lấy cảm hứng từ chiếc đó, nông cụ bắt cá của người dân.",https://plo.vn/thu-tuong-pham-minh-chinh-cat-bang-khanh-thanh-nha-hat-do-o-khanh-hoa-post726742.html,
Bộ Công an khánh thành Nhà hát Hồ Gươm | Báo Pháp Luật TP. Hồ ...,"Jul 9, 2023 ... (PLO)- Công trình Nhà hát Hồ Gươm xây dựng trên khu đất 40 Hàng Bài, Hà Nội, do Bộ Công an quản lý, nay được cắt băng khánh thành.",https://plo.vn/bo-cong-an-khanh-thanh-nha-hat-ho-guom-post741472.html,
NSƯT Chí Trung thôi giữ chức Giám đốc Nhà hát Tuổi trẻ | Báo ...,"May 26, 2022 ... (PLO)- NSƯT Sĩ Tiến đảm nhận vị trí Giám đốc Nhà hát Tuổi trẻ từ ngày 1-6 thay cho NSƯT Chí Trung đến tuổi hưu.",https://plo.vn/nsut-chi-trung-thoi-giu-chuc-giam-doc-nha-hat-tuoi-tre-post681909.html,
Nhà hát 200 tỉ đồng lợp tôn làm 'nóng' kỳ họp HĐND tỉnh Bình Thuận,"Jul 11, 2023 ... Nhà hát 200 tỉ đồng lợp tôn làm 'nóng' kỳ họp HĐND tỉnh Bình Thuận ... (PLO)- Công trình sử dụng thiết kế cũ từ năm 2007 nhưng vẫn được duyệt, dẫn ...",https://plo.vn/nha-hat-200-ti-dong-lop-ton-lam-nong-ky-hop-hdnd-tinh-binh-thuan-post741803.html,
Bình Thuận cho kéo dài dự án Nhà hát 200 tỷ đồng hết năm 2025 ...,"Jul 18, 2024 ... Theo báo cáo thẩm tra của ban Kinh tế - Ngân sách, HĐND tỉnh, dự án Nhà hát được chấp thuận chủ trương đầu tư từ năm 2015 với tổng mức đầu tư là ...",https://plo.vn/binh-thuan-cho-keo-dai-thuc-hien-du-an-nha-hat-200-ti-dong-het-nam-2025-post801163.html,
Vân Sơn mở nhà hát tại TP.HCM | Báo Pháp Luật TP. Hồ Chí Minh,"Dec 21, 2015 ... (PLO) - Sau thời gian về TP.HCM thực hiện các chương trình của mình, chiều 21-12 nghệ sĩ hải ngoại Vân Sơn đã chính thức ra mắt Nhà hát The ...",https://plo.vn/van-son-mo-nha-hat-tai-tphcm-post371947.html,
Đà Nẵng: Cháy tầng hầm Nhà hát Trưng Vương | Báo Pháp Luật TP ...,"Oct 10, 2024 ... Đà Nẵng: Cháy tầng hầm Nhà hát Trưng Vương ... (PLO)- Nhận tin báo, lực lượng chữa cháy nhanh chóng đến Nhà hát Trưng Vương để xử lý. ... Trưa ngày ...",https://plo.vn/da-nang-chay-tang-ham-nha-hat-trung-vuong-post814408.html,
"Cháy Nhà hát Kịch TP.HCM, rạp Công Nhân vẫn niêm phong | Báo ...","Oct 4, 2019 ... Cháy Nhà hát Kịch TP.HCM, rạp Công Nhân vẫn niêm phong ... Khoảng 5 giờ ngày 2-10, rạp Công Nhân (đường Trần Hưng Đạo, quận 1, TP.HCM) cũng là trụ ...",https://plo.vn/chay-nha-hat-kich-tphcm-rap-cong-nhan-van-niem-phong-post543927.html,
Bình Thuận: Đưa dự án nhà hát 200 tỷ ra khỏi công trình đầu tư ...,"Oct 12, 2023 ... Bình Thuận: Đưa dự án nhà hát 200 tỷ ra khỏi công trình đầu tư trọng điểm · Nhà hát 200 tỉ đồng lợp tôn làm 'nóng' kỳ họp HĐND tỉnh Bình Thuận.",https://plo.vn/binh-thuan-dua-du-an-nha-hat-200-ty-ra-khoi-cong-trinh-dau-tu-trong-diem-post756239.html,
Netflix mua lại nhà hát Ai Cập lịch sử của Hollywood | Báo Pháp ...,"Jun 1, 2020 ... (PLO)- Phía Netflix có thông báo đã chính thức mua lại Nhà hát Ai Cập, Grauman trên đại lộ Hollywood.",https://plo.vn/netflix-mua-lai-nha-hat-ai-cap-lich-su-cua-hollywood-post577917.html,
Độc đáo Nhà hát “ba nón lá” ở Bạc Liêu,"Apr 16, 2023 ... Nhà hát “ba nón lá” đã được tổ chức Kỷ lục Việt Nam (VietKings) xác lập kỷ lục “Nhà hát Cao Văn Lầu có hình dạng ba chiếc nón lá lớn nhất ...",https://nhandan.vn/doc-dao-nha-hat-ba-non-la-o-bac-lieu-post748068.html,
Cận cảnh kiến trúc đẹp ấn tượng của nhà hát Hồ Gươm,"Jul 11, 2023 ... Nhà hát Hồ Gươm với trang thiết bị hiện đại nhất nước, do Bộ Công an và UBND thành phố Hà Nội xây dựng, khánh thành sáng 9/7, ...",https://nhandan.vn/anh-chiem-nguong-kien-truc-an-tuong-cua-nha-hat-ho-guom-nha-hat-hien-dai-nhat-viet-nam-post761692.html,
Đặc sắc nhà hát mới ở trong làng cổ,"Jun 16, 2023 ... Hội kiến trúc sư Việt Nam đã trao tặng giải Bạc - giải thưởng kiến trúc quốc gia năm 2022-2023, cho công trình Nhà hát Dân ca Quan họ Bắc ...",https://nhandan.vn/dac-sac-nha-hat-moi-o-trong-lang-co-post757933.html,
NSND Công Lý được bổ nhiệm làm Phó Giám đốc Nhà hát Kịch Hà ...,"May 7, 2020 ... NDĐT – Ngày 7-5, NSND Công Lý đã chính thức nhận quyết định bổ nhiệm giữ chức vụ Phó Giám đốc Nhà hát Kịch Hà Nội. Thứ năm, ngày 07/05/2020 - 15 ...",https://nhandan.vn/nsnd-cong-ly-duoc-bo-nhiem-lam-pho-giam-doc-nha-hat-kich-ha-noi-post457556.html,
Nhà hát Lớn Hà Nội ra mắt không gian Vườn âm nhạc,"Mar 3, 2024 ... Với sự kết hợp đầy lãng mạn giữa khung cảnh thiên nhiên cùng ánh sáng và âm nhạc, không gian ngoài trời của Nhà hát Lớn Hà Nội đã trở thành ...",https://nhandan.vn/nha-hat-lon-ha-noi-ra-mat-khong-gian-vuon-am-nhac-post798406.html,
Khánh thành Nhà hát “Đó” tại Vega City Nha Trang,"Apr 1, 2023 ... Khánh thành Nhà hát “Đó” tại Vega City Nha Trang. NDO - Ngày 1/4, tại Nha Trang, tập đoàn KDI Holdings, chủ đầu tư quần thể phức hợp nghỉ dưỡng- ...",https://nhandan.vn/khanh-thanh-nha-hat-do-tai-vega-city-nha-trang-post745834.html,
Nhớ một thời Nhà hát nhân dân,"Nov 2, 2017 ... Khi có Nhà hát nhân dân trên nền xưa của nhà Đấu Xảo Hà Nội, thì tôi là một cô bé quàng khăn đỏ. Tôi nhớ mãi về nhà hát mà tôi đã từng vào ...",https://nhandan.vn/nho-mot-thoi-nha-hat-nhan-dan-post308233.html,
Nhà hát Ca múa nhạc Thăng Long kỷ niệm 60 năm thành lập và đón ...,"Oct 22, 2020 ... Nhà hát Ca múa nhạc Thăng Long nhận Huân chương Lao động hạng Ba. Đến dự có đồng chí Lương Thanh Nghị, Phó Chủ nhiệm Ủy ban Nhà nước về người ...",https://nhandan.vn/nha-hat-ca-mua-nhac-thang-long-ky-niem-60-nam-thanh-lap-va-don-nhan-huan-chuong-lao-dong-hang-ba-post621430.html,
Để Nhà hát Lớn Hà Nội luôn sáng đèn vì nghệ thuật,"Jul 30, 2016 ... Giám đốc Nhà hát Múa rối Việt Nam Ngô Thanh Thủy bày tỏ lo lắng: “Là đơn vị còn được bao cấp mà vấn đề bảo tồn NTTT hết sức khó khăn. Chúng tôi ...",https://nhandan.vn/de-nha-hat-lon-ha-noi-luon-sang-den-vi-nghe-thuat-post268657.html,
Vụ giải cứu con tin nghẹt thở tại Moscow,"Nov 15, 2022 ... Hơn hai thập kỷ trước, ngày 23/10/2002, nhóm khủng bố người Chechnya do đối tượng Movsar Baraev (23 tuổi) cầm đầu xông vào nhà hát ở ...",https://nhandan.vn/vu-giai-cuu-con-tin-nghet-tho-tai-moscow-post724925.html,
"Khánh thành Nhà hát Đó - điểm nhấn mới của văn hóa, du lịch ...","Apr 1, 2023 ... (Chinhphu.vn) - Sáng 1/4, trong chương trình công tác tại tỉnh Khánh Hòa, Thủ tướng Phạm Minh Chính đã dự lễ khánh thành Nhà hát Đó - một ...",https://baochinhphu.vn/khanh-thanh-nha-hat-do-diem-nhan-moi-cua-van-hoa-du-lich-khanh-hoa-102230401122125517.htm,
Nhà hát Hồ Gươm-Tuyệt tác nghệ thuật giữa lòng Thủ đô,"Oct 7, 2024 ... Hà Nội đầu tư xây dựng, Nhà hát Hồ Gươm tọa lạc tại vị trí đắc địa giàu giá trị văn hóa bậc nhất của Thủ đô, chỉ cách Hồ Gươm vài trăm mét. Đồng ...",https://baochinhphu.vn/nha-hat-ho-guom-tuyet-tac-nghe-thuat-giua-long-thu-do-102241007181820611.htm,
100 năm Nhà hát lớn Hà Nội và các sự kiện lịch sử,"Dec 8, 2011 ... Trong hai năm 1996 - 1997, với sự giúp đỡ của Chính phủ nước Cộng hòa Pháp (156 tỉ đồng VN), Nhà hát lớn Hà Nội đã được tu bổ, tôn tạo và nâng ...",https://baochinhphu.vn/100-nam-nha-hat-lon-ha-noi-va-cac-su-kien-lich-su-102111838.htm,
Nhà hát Lớn Hà Nội trở thành Di tích Lịch sử - Kiến trúc quốc gia,"Dec 9, 2011 ... (Chinhphu.vn) - Sáng ngày 9/12, Nhà hát Lớn Hà Nội đã tổ chức Lễ kỷ niệm 100 năm thành lập và đón Bằng xếp hạng Di tích quốc gia. ... Nhà hát Lớn ...",https://baochinhphu.vn/nha-hat-lon-ha-noi-tro-thanh-di-tich-lich-su-kien-truc-quoc-gia-10296651.htm,
Nhà hát Lớn Hà Nội đóng cửa 1 năm để tu bổ,"Apr 4, 2023 ... (Chinhphu.vn) - Bà Nguyễn Thị Minh Nguyệt, Giám đốc Nhà hát Lớn Hà Nội cho biết, dự kiến nhà hát sẽ đóng cửa trong 1 năm để tiến hành tu bổ. Nhà ...",https://thanglong.baochinhphu.vn/nha-hat-lon-ha-noi-dong-cua-1-nam-de-tu-bo-103230404123930958.htm,
Hà Nội duyệt quy hoạch nhà hát Opera hiện đại tại bán đảo Quảng An,"Nov 28, 2024 ... Phối cảnh nhà hát bên Hồ Tây, Hà Nội. UBND thành phố Hà Nội vừa phê duyệt đồ án Quy hoạch chi tiết khu vực trục không gian trung tâm bán đảo ...",https://thanglong.baochinhphu.vn/ha-noi-duyet-quy-hoach-nha-hat-opera-hien-dai-tai-ban-dao-quang-an-103241128160148772.htm,
Nhà hát Múa rối Thăng Long kỷ niệm 55 năm thành lập,"Dec 25, 2024 ... (Chinhphu.vn) - Ngày 25/12, tại Hà Nội, Nhà hát Múa rối Thăng Long trang trọng tổ chức kỷ niệm 55 năm thành lập (10/10/1969 - 10/10/2024) và ...",https://thanglong.baochinhphu.vn/nha-hat-mua-roi-thang-long-ky-niem-55-nam-thanh-lap-103241225170015914.htm,
Nhà hát Múa rối Thăng Long đoạt giải Nhất biểu diễn tuyên truyền ...,"Jan 7, 2022 ... (Chinhphu.vn) - Chiều 7/1, Cục Nghệ thuật biểu diễn (Bộ Văn hóa, Thể thao và Du lịch) tổng kết và trao giải Bình chọn các sản phẩm bản ghi ...",https://thanglong.baochinhphu.vn/nha-hat-mua-roi-thang-long-doat-giai-nhat-bieu-dien-tuyen-truyen-chong-dich-covid-19-103220115151527079.htm,
Bắt khẩn cấp tài xế gây rối trật tự công cộng trước Nhà hát lớn Hà Nội,"Apr 18, 2023 ... (Chinhphu.vn) - Công an quận Hoàn Kiếm (Hà Nội) đã ra quyết định bắt khẩn cấp Nguyễn Ngọc Thắng, tài xế ô tô ""drift"" trước Nhà hát Lớn Hà Nội để ...",https://baochinhphu.vn/bat-khan-cap-tai-xe-gay-roi-trat-tu-cong-cong-truoc-nha-hat-lon-ha-noi-102230418203421175.htm,
Nhà hát lớn Hà Nội sẽ chỉ dành cho biểu diễn nghệ thuật đỉnh cao,"Jul 9, 2016 ... (Chinhphu.vn) - “Đất nước nào cũng phải có nghệ thuật đỉnh cao để đại diện nền văn hoá của dân tộc quảng bá giao lưu thế giới.",https://thanglong.baochinhphu.vn/nha-hat-lon-ha-noi-se-chi-danh-cho-bieu-dien-nghe-thuat-dinh-cao-10317082.htm,
Nhà hát những giấc mơ - 27/02/2021 - Video đã phát trên VTV3 ...,"Feb 27, 2021 ... Video clip Nhà hát những giấc mơ - 27/02/2021 của đài truyền hình Việt Nam. Xem Nhà hát những giấc mơ - 27/02/2021 chất lượng cao và nhanh ...",https://vtv.vn/video/nha-hat-nhung-giac-mo-27-02-2021-487766.htm,
Nhà hát Opera Sydney - công trình kiến trúc vượt mọi thời đại | VTV ...,"Nov 11, 2023 ... Australia chi 153 triệu USD để trùng tu nhà hát Opera Sydney. Nhà hát Opera Sydney, hay nhà hát con sò - niềm tự hào lớn của xứ sở chuột túi và ...",https://vtv.vn/the-gioi/nha-hat-opera-sydney-cong-trinh-kien-truc-vuot-moi-thoi-dai-20231110224417318.htm,
Chương trình biểu diễn ở nhà hát lớn,"VTV.vn - Nhằm phục vụ công chúng yêu nghệ thuật, loạt chương trình biểu diễn nghệ thuật đặc sắc sẽ được diễn ra tại Nhà hát Lớn Hà Nội từ cuối tháng 8/2016.",https://vtv.vn/chuong-trinh-bieu-dien-o-nha-hat-lon.html,
Nhà hát lớn Moscow - Thánh đường nghệ thuật của xứ sở bạch ...,"Jul 25, 2016 ... Hơn 2 thế kỷ qua, Nhà hát lớn ở thủ đô Moscow, Liên bang Nga xứng danh là thánh đường nghệ thuật. Bên cạnh bề dày lịch sử hơn 200 năm và vẻ đẹp ...",https://vtv.vn/du-lich/nha-hat-lon-moscow-thanh-duong-nghe-thuat-cua-xu-so-bach-duong-20160723164313022.htm,
60 năm vàng son của Nhà hát kịch Hà Nội | VTV.VN,"Dec 27, 2019 ... Vở kịch ""Đôi mắt"" thắng lớn tại Hàn Quốc. VTV.vn - Vở kịch lấy bối cảnh một trạm quân y dã chiến ở núi rừng Trường Sơn, những người lính bị ...",https://vtv.vn/doi-song/60-nam-vang-son-cua-nha-hat-kich-ha-noi-20191227183230828.htm,
Cháy quán bar ở tầng hầm Nhà hát Trưng Vương (Đà Nẵng) | VTV.VN,"Oct 11, 2024 ... Cháy quán bar ở tầng hầm Nhà hát Trưng Vương (Đà Nẵng) ... VTV.vn - Sáng ngày 11/10, lực lượng chức năng TP Đà Nẵng phải dùng xe hút khỏi để xử lý ...",https://vtv.vn/xa-hoi/chay-quan-bar-o-tang-ham-nha-hat-trung-vuong-da-nang-20241011123744675.htm,
4 nhà hát vòng tròn cổ kính nhất thế giới | VTV.VN,"Feb 27, 2015 ... (VTV.vn) - Verona Arena, Pula Arena, Arles Amphitheatre và Arena Nîmes là 4 nhà hát vòng tròn cổ kính nhất thế giới, vẫn còn nguyên giá trị ...",https://vtv.vn/du-lich/4-nha-hat-vong-tron-co-kinh-nhat-the-gioi-20150228024310656.htm,
Nga kết luận về nhóm khủng bố quốc tế tham gia vụ tấn công nhà ...,"Jul 17, 2024 ... Ông Yury Chikhanchin cho biết vụ tấn công khủng bố đẫm máu tại nhà hát Crocus City Hall ở ngoại ô Moskva hồi tháng 3 vừa qua do một nhóm đối ...",https://vtv.vn/the-gioi/nga-ket-luan-ve-nhom-khung-bo-quoc-te-tham-gia-vu-tan-cong-nha-hat-crocus-20240716230502448.htm,
"Khánh thành Nhà hát Đó - điểm nhấn mới của văn hóa, du lịch ...","Apr 1, 2023 ... Khánh thành Nhà hát Đó - điểm nhấn mới của văn hóa, du lịch Khánh Hòa ... VTV.vn - Sáng 1/4, trong chương trình công tác tại tỉnh Khánh Hòa, Thủ ...",https://vtv.vn/chinh-tri/khanh-thanh-nha-hat-do-diem-nhan-moi-cua-van-hoa-du-lich-khanh-hoa-20230401160829123.htm,
NSND Tự Long được bổ nhiệm làm Giám đốc Nhà hát Chèo Quân ...,"Dec 31, 2024 ... VTV.vn - Chiều 30/12, NSND Tự Long đã nhận quyết định bổ nhiệm làm Giám đốc Nhà hát Chèo Quân đội.",https://vtv.vn/van-hoa-giai-tri/nsnd-tu-long-duoc-bo-nhiem-lam-giam-doc-nha-hat-cheo-quan-doi-20241230233416983.htm,
Vi phạm tại dự án xây dựng Nhà hát tỉnh An Giang - Nhịp sống kinh ...,"Mar 5, 2024 ... LOẠT VI PHẠM TRONG ĐẦU TƯ XÂY DỰNG. Theo kết luận, tổng mức đầu tư dự án nhà hát tỉnh An Giang hơn 215 tỷ đồng. Nguồn vốn từ ngân sách địa ...",https://vneconomy.vn/vi-pham-tai-du-an-xay-dung-nha-hat-tinh-an-giang.htm,
Thu 400.000 đồng một lượt tham quan Nhà hát lớn Hà Nội - Nhịp ...,"Sep 7, 2017 ... Nhà hát Lớn Hà Nội được người Pháp xây dụng và hoàn thảnh ở năm 1911, là một biểu tượng văn hóa, lịch sử và kiến trúc của Hà Nội cho tới ngày ...",https://vneconomy.vn/thu-400000-dong-mot-luot-tham-quan-nha-hat-lon-ha-noi.htm,
TP.HCM tạm dừng xây dựng nhà hát “nghìn tỷ” ở Thủ Thiêm - Nhịp ...,"Aug 25, 2022 ... Dự án rộng 1,2 ha, tổng vốn đầu khoảng 2.200 tỷ đồng, gồm hai khán phòng chính có sức chứa 1.700 chỗ (khán phòng lớn 1.200 chỗ và khán phòng nhỏ ...",https://vneconomy.vn/tp-hcm-tam-dung-xay-dung-nha-hat-nghin-ty-o-thu-thiem.htm,
Hà Nội sẽ có nhà hát Opera trên hồ Đầm Trị? - Nhịp sống kinh tế ...,"Jul 20, 2022 ... UBND quận Tây Hồ, Hà Nội vừa tổ chức hội nghị lấy ý kiến người dân đối với đồ án Quy hoạch chi tiết 1/500 khu vực trục không gian trung tâm bán ...",https://vneconomy.vn/ha-noi-se-co-nha-hat-opera-tren-ho-dam-tri.htm,
Vaquarius tổ chức chương trình roadshow đầu tiên từ Nhà hát Lớn ...,"Apr 1, 2024 ... Vaquarius sẽ là một trung tâm hành chính, kinh tế, văn hoá, lễ hội của thành phố Văn Giang tương lai. Đây cũng là vùng đất sở hữu phong thủy đắc ...",https://vneconomy.vn/vaquarius-to-chuc-chuong-trinh-roadshow-dau-tien-tu-nha-hat-lon-ha-noi-den-hung-yen.htm,
BST Haute Couture Xuân Hè của Elie Saab: nhà hát của giấc mơ ...,"Feb 22, 2021 ... Mỗi bộ trang phục đều có các chi tiết kết thành từng mảng tạo điểm nhấn, từ cầu vai tạo phồng, cho đến họa tiết tạo nên bởi hạt cườm và lông vũ.",https://vneconomy.vn/bst-haute-couture-xuan-he-cua-elie-saab-nha-hat-cua-giac-mo.htm,
TP.HCM: Dự án metro số 1 hoàn thành 100% ba nhà ga đầu tiên ...,"Dec 6, 2022 ... Hai nhà ga ngầm là ga Nhà hát Thành phố và ga Ba Son, cùng một ga trên cao là nhà ga Khu công nghệ cao, là ba trong tổng số 14 ga của dự án ...",https://vneconomy.vn/tp-hcm-du-an-metro-so-1-hoan-thanh-100-ba-nha-ga-dau-tien.htm,
[Trực tiếp]: Lễ hội Hoa Phượng Đỏ Hải Phòng 2024 - Bừng sáng ...,"May 11, 2024 ... ... nhà hát thành phố; Lễ hội áo dài năm 2024 với chủ đề ""Về miền di sản cửa biển"" ... Các hoạt động trên được xem là những hiệu ứng quan trọng ...",https://vneconomy.vn/truc-tiep-le-hoi-hoa-phuong-do-hai-phong-2024-bung-sang-mien-di-san.htm,
Thảm sát tại Paris đã diễn ra như thế nào? - Nhịp sống kinh tế Việt ...,"Nov 14, 2015 ... Nhà hát Bataclan, nơi những kẻ khủng bố cướp đi mạng sống của hơn ... nhà hàng xung quanh Bataclan trước khi tấn công vào nhà hát. Một ...",https://vneconomy.vn/tham-sat-tai-paris-da-dien-ra-nhu-the-nao.htm,
Trực tiếp Lễ trao giải Khoa học - Công nghệ VinFuture 2024 - Nhịp ...,"Dec 6, 2024 ... ... Nhà hát Hồ Gươm. Tối nay (6/12), Lễ trao giải Khoa học - Công nghệ toàn cầu VinFuture 2024 sẽ chính thức diễn ra tại Nhà hát Hồ Gươm (Hà Nội).",https://vneconomy.vn/techconnect/truc-tiep-le-trao-giai-khoa-hoc-cong-nghe-vinfuture-2024.htm,
"Bỏ ra 400 tỷ đồng xây nhà hát hình chiếc Đó, KDI Holdings đang thu ...","Apr 16, 2023 ... Giá vào xem suất diễn tại nhà hát 400 tỷ đồng. Theo thông tin chính thức được công khai trên website chính thức của Đó Theatre, hiện nhà hát mới ...",https://cafef.vn/bo-ra-400-ty-dong-xay-nha-hat-hinh-chiec-do-kdi-holdings-dang-thu-ve-nhung-dong-von-dau-tien-gia-ve-khong-phai-dang-vua-nhung-ngay-ngay-dau-da-kin-cho-188230416144126305.chn,
Nhà hát tư nhân hình chiếc Đó duy nhất Việt Nam,"Apr 16, 2023 ... Vào đầu tháng 4/2023, nhà hát tư nhân đầu tiên tại Việt Nam mang tên Nhà hát ĐÓ đã được khai trương tại dự án Vegacity (khu vực Bãi Tiên, phường ...",https://cafef.vn/nha-hat-tu-nhan-hinh-chiec-do-duy-nhat-tai-viet-nam-va-du-an-trong-chuoi-nuoi-heo-cua-cuu-chu-tich-sacombank-188230416084008204.chn,
Người tạm thay NSND Xuân Bắc điều hành Nhà hát Kịch Việt Nam,"Nov 9, 2024 ... NSƯT Kiều Minh Hiếu sinh năm 1975, gắn bó với Nhà hát Kịch Việt Nam gần 30 năm. Anh từng giữ vị trí Trưởng đoàn Kịch cổ điển trước khi đảm nhận ...",https://cafef.vn/nguoi-tam-thay-nsnd-xuan-bac-dieu-hanh-nha-hat-kich-viet-nam-188241109091452938.chn,
"Hơn cả một biểu tượng, nhà hát mang lại gì cho những thành phố ...","Jul 25, 2022 ... Không chỉ sở hữu kiến trúc nguy nga, tráng lệ và bề dày lịch sử, các nhà hát opera còn là nơi chứa đựng tinh hoa nghệ thuật cũng như là cầu ...",https://m.cafef.vn/hon-ca-mot-bieu-tuong-nha-hat-mang-lai-gi-cho-nhung-thanh-pho-noi-tieng-20220725205520825.chn,
Nhan sắc vợ Thiếu tá kém 10 tuổi của nam NSƯT là Phó Giám đốc ...,"Aug 8, 2024 ... Nam nghệ sĩ chọn về công tác tại Nhà hát Kịch nói Quân đội sau khi tốt nghiệp dù trước đó không có ý định theo nghiệp diễn. Anh từng giành nhiều ...",https://cafef.vn/nhan-sac-vo-thieu-ta-kem-10-tuoi-cua-nam-nsut-la-pho-giam-doc-nha-hat-kich-noi-quan-doi-18824080811372493.chn,
"Cận cảnh Nhà hát hồ Gươm 5.000 m2 tại vị trí đất ""kim cương"" của ...","Jul 9, 2023 ... Ngày 9-7, Bộ Công an và UBND TP Hà Nội tổ chức Lễ khánh thành Nhà hát Hồ Gươm, số 40 Hàng Bài, quận Hoàn Kiếm, TP Hà Nội.",https://cafef.vn/can-canh-nha-hat-ho-guom-5000-m2-tai-vi-tri-dat-kim-cuong-cua-ha-noi-18823070917040976.chn,
"Nhan sắc vợ thiếu tá của nam NSND, Phó giám đốc Nhà hát Chèo ...","Nov 22, 2024 ... Nhan sắc vợ thiếu tá của nam NSND, Phó giám đốc Nhà hát Chèo Quân. Vì cùng làm nghệ thuật và phục vụ trong quân đội nên Tự Long và vợ luôn thông ...",https://cafef.vn/nhan-sac-vo-thieu-ta-cua-nam-nsnd-pho-giam-doc-nha-hat-cheo-quan-doi-lien-tuc-gay-sot-mang-xa-hoi-188241122080945843.chn,
Nam NSND là Phó Giám đốc Nhà hát Chèo Quân đội đăng status ...,"Nov 6, 2024 ... Chia sẻ của nam NSND là Phó Giám đốc Nhà hát Chèo Quân đội về ca sĩ Phan Đinh Tùng thu hút nhiều sự chú ý của cư dân mạng. ... Mới đây, Đại tá, ...",https://cafef.vn/nam-nsnd-la-pho-giam-doc-nha-hat-cheo-quan-doi-dang-status-noi-ve-phan-dinh-tung-1882411052223547.chn,
Nam NSND làm giám đốc Nhà hát kịch Hà Nội: U50 lấy vợ hot girl ...,"Jul 16, 2024 ... Nam NSND làm giám đốc, sống kín tiếng! Nam NSND làm giám đốc Nhà hát kịch Hà Nội: U50 lấy vợ hot girl. NSND Trung Hiếu.",https://cafef.vn/nam-nsnd-lam-giam-doc-nha-hat-kich-ha-noi-u50-lay-vo-hot-girl-kem-19-tuoi-khang-dinh-cuoc-song-hon-nhan-rat-tuyet-voi-188240716173049302.chn,
Những nhà hát hoành tráng nhất từ thời cổ đại được bảo tồn tới ...,"Jun 2, 2013 ... Nằm ở sườn phía nam của Acropolis Athens, nhà hát Odeon được xây dựng vào năm 161 bởi Herodes Atticus – người giàu có nhất Athens - để tưởng ...",https://cafef.vn/noi-that-phong-thuy/nhung-nha-hat-hoanh-trang-nhat-tu-thoi-co-dai-duoc-bao-ton-toi-ngay-nay-2013060118521340018.chn,
Bóng Ma Nhà Hát: Vở kịch lâu đời nhất lịch sử Boardway đi đến hồi ...,"Apr 18, 2023 ... Nội dung của tác phẩm là cuộc tình của Phantom, một người đàn ông với tiếng hát thiên phú nhưng lại mang khuôn mặt dị dạng và bị người đời ruồng ...",https://vietbao.vn/bong-ma-nha-hat-vo-kich-lau-doi-nhat-lich-su-boardway-di-den-hoi-ket-421688.html,
Cụ ông Bắc Ninh hát hay như 'nuốt đĩa' trong đám cưới gây sốt ...,"Apr 2, 2024 ... Mỗi lần vợ chồng tôi vào nhà hàng Việt Nam, chồng luôn dặn tôi gọi món canh chua, cá kho tộ, ăn cùng cơm trắng, đúng khẩu vị của người miền Tây ...",https://vietbao.vn/cu-ong-bac-ninh-hat-hay-nhu-nuot-dia-trong-dam-cuoi-gay-sot-mang-xa-hoi-479471.html,
"Tin tức, hình ảnh, video clip mới nhất về Nhà hát Dolby",Nữ diễn viên 27 tuổi Liza Koshy đang tạo dáng thì bất ngờ ngã vì đôi giày cao phản chủ trên thảm đỏ lễ trao giải Oscar 2024.,https://vietbao.vn/nha-hat-dolby-ptag.html,
TPHCM tạm dừng đầu tư Nhà hát Thủ Thiêm,"Aug 24, 2022 ... TPHCM tạm dừng đầu tư Nhà hát Thủ Thiêm ... Nhà hát Thủ Thiêm với tổng mức đầu tư hơn 1.500 tỷ đồng là một trong 2 dự án lớn của TPHCM phải tạm ...",https://vietbao.vn/tphcm-tam-dung-dau-tu-nha-hat-thu-thiem-378018.html,
Bên trong khán phòng nhà hát có 341 ghế Đồng Kỵ gây tranh cãi ở ...,"May 16, 2023 ... Khán phòng nhà hát dân ca quan họ Bắc Ninh có 341 ghế gõ đỏ do nghệ nhân làng nghề Đồng Kỵ sản xuất đang gây xôn xao dư luận nhiều ngày nay.",https://vietbao.vn/ben-trong-khan-phong-nha-hat-co-341-ghe-dong-ky-gay-tranh-cai-o-bac-ninh-427285.html,
Thời sự 24 giờ: Ghế trong Nhà hát Quan họ Bắc Ninh làm từ gỗ gì ...,"May 15, 2023 ... Bằng các biện pháp nghiệp vụ, Công an tỉnh Lạng Sơn bắt được nghi phạm sát hại cặp vợ chồng ở huyện Hữu Lũng khi tên này đang lổn trốn tại Bắc ...",https://vietbao.vn/thoi-su-24-gio-ghe-trong-nha-hat-quan-ho-bac-ninh-lam-tu-go-gi-gia-bao-nhieu-dinh-chi-2-can-bo-y-te-tiem-vac-xin-het-han-cho-tre-em-427092.html,
Khi biểu tượng văn hóa Sài Gòn một thuở xuống cấp,"Oct 25, 2023 ... HCM càng hư hại nghiêm trọng, bốc mùi ẩm, mốc do bị thấm nước nhiều năm. W-nha-hat-tphcm-18-3.jpg Nhiều năm qua, Nhà hát TP.HCM chủ động sửa ...",https://vietbao.vn/khi-bieu-tuong-van-hoa-sai-gon-mot-thuo-xuong-cap-453948.html,
Giữ hồn hát bội ở TP.HCM: Nối dài giai điệu trăm năm,"Dec 5, 2023 ... Ảnh: Nhà hát Nghệ thuật Hát bội TP.HCM. Tại những vùng quê khi xưa, vào các dịp lễ cúng Thành Hoàng, người dân trong làng thường tụ họp vui hội ...",https://vietbao.vn/giu-hon-hat-boi-o-tp-hcm-noi-dai-giai-dieu-tram-nam-461144.html,
"Hồ Hoài Anh, Hồng Đăng nghỉ việc: Tự trọng nghệ sĩ và chuyện ...","Dec 15, 2023 ... NSND Trung Hiếu, Giám đốc Nhà hát kịch Hà Nội trả lời trên báo Dân Trí rằng diễn viên Hồng Đăng đã chủ động xin nghỉ việc vào cuối năm 2022 và ...",https://vietbao.vn/ho-hoai-anh-hong-dang-nghi-viec-tu-trong-nghe-si-va-chuyen-phong-sat-463773.html,
"Toàn cảnh Hồ Tây: Dày đặc nhà cao tầng vây quanh, vắng bóng cây ...","Sep 12, 2022 ... Bán đảo Quảng An, nơi đây dự kiến sẽ xây nhà hát khoảng 1.600 chỗ ngồi trên diện tích 13.000m2. Toàn cảnh Hồ Tây: Dày đặc nhà cao tầng vây quanh ...",https://vietbao.vn/toan-canh-ho-tay-day-dac-nha-cao-tang-vay-quanh-vang-bong-cay-xanh-382154.html,
Sống động nhà hát mô phỏng Trái đất trị giá 2 tỷ USD ở Las Vegas,"Jul 10, 2023 ... Công trình kiến trúc nhà hát hình cầu khổng lồ tại Las Vegas (Mỹ) sẽ chính thức mở cửa vào tháng 9/2023.",https://kenh14.vn/song-dong-nha-hat-mo-phong-trai-dat-tri-gia-2-ty-usd-o-las-vegas-20230710112733959.chn,
"Old Trafford - ""Nhà hát của những giấc mơ""","May 15, 2010 ... Old Trafford được thiết kế hiện đại bậc nhất với các khu vực dành cho ban huấn luyện, phòng kiểm soát an ninh, khu tác nghiệp truyền hình, các ...",https://kenh14.vn/sport/old-trafford-nha-hat-cua-nhung-giac-mo-20100706024226336.chn,
NHÀ HÁT OPERA SYDNEY: tin tức Mới nhất Thảm họa cháy rừng ...,"Nhà hát Opera Sydney, tin tức hình ảnh mới nhất luôn được cập nhật liên tục, chủ đề nha hat opera sydney : Hiện giờ, khói dày độc hại đang tiếp tục bao phủ ...",https://kenh14.vn/nha-hat-opera-sydney.html,
"Hơn cả một biểu tượng, nhà hát mang lại gì cho những thành phố ...","Jul 25, 2022 ... Không chỉ sở hữu kiến trúc nguy nga, tráng lệ và bề dày lịch sử, các nhà hát opera còn là nơi chứa đựng tinh hoa nghệ thuật cũng như là cầu ...",https://kenh14.vn/hon-ca-mot-bieu-tuong-nha-hat-mang-lai-gi-cho-nhung-thanh-pho-noi-tieng-20220725100239183.chn,
Thảm họa cháy rừng lớn nhất lịch sử Úc: Nhà hát Opera Sydney ...,"Dec 21, 2019 ... Thảm họa cháy rừng lớn nhất lịch sử Úc: Nhà hát Opera Sydney khuất sau khói mù, 2 người thiệt mạng khi tình nguyện dập lửa khiến cả nước xót ...",https://kenh14.vn/tham-hoa-chay-rung-lon-nhat-lich-su-uc-nha-hat-opera-sydney-khuat-sau-khoi-mu-2-nguoi-thiet-mang-khi-tinh-nguyen-dap-lua-khien-ca-nuoc-xot-thuong-20191221124520957.chn,
MAMA 2017 tổ chức tại Nhà hát Hòa Bình 2.500 chỗ ngồi: Có gì đó ...,"Trong khi 2 địa điểm khác của MAMA 2017 Yokohama Arena (Nhật Bản) có sức chứa hơn 17.000 người, Asia-World Expo (Hồng Kông) với sức chứa 14.000 người, ...",https://kenh14.vn/mama-2017-tam-co-chau-luc-lai-to-chuc-tai-nha-hat-hoa-binh-chi-von-ven-2500-cho-ngoi-co-gi-do-sai-sai-20170911010039805.chn,
Trà đào nhà hát - thức uống làm “chao đảo” giới trẻ TP.HCM một ...,"Sep 11, 2022 ... Có nhiều sự lí giải về hàng trà sữa không bao giờ hết đông này, có thể là quán nằm ngay trục đường đẹp của thành phố, lại nằm giữa nhà hát nguy ...",https://kenh14.vn/tra-dao-nha-hat-thuc-uong-lam-chao-dao-gioi-tre-tphcm-mot-thoi-bay-gio-dong-khach-den-dau-20220911142504499.chn,
"Lý do hàng nghìn người đổ về Nhà hát Lớn Hà Nội hôm nay, tắc 5 ...","Ghi nhận vào khoảng 15h ngày 24/11, dù phải khoảng hơn 4 tiếng đồng hồ nữa đêm nhạc mới chính thức diễn ra nhưng ngay từ lúc này, Nhà hát Lớn Hà Nội đã chật kín ...",https://kenh14.vn/ly-do-hang-nghin-nguoi-do-ve-nha-hat-lon-ha-noi-hom-nay-tac-5-nga-duong-215241124181447474.chn,
NSND Công Lý chính thức được bổ nhiệm làm PGĐ Nhà hát Kịch ...,"May 5, 2020 ... ""Cô Đẩu"" Công Lý, NSƯT Trần Hạnh được xét tặng danh hiệu NSND. NSND Công Lý chính thức được bổ nhiệm làm PGĐ Nhà hát Kịch, bạn gái. Hơn kém nhau ...",https://kenh14.vn/nsnd-cong-ly-chinh-thuc-duoc-bo-nhiem-lam-pgd-nha-hat-kich-ban-gai-day-tu-hao-du-o-vi-tri-nao-anh-van-luon-la-nguoi-em-chinh-do-cho-20200507142923453.chn,
"Nhiều người hoảng hốt khi đi ""Highlands Nhà hát Lớn"": Đồng giá ...","Feb 17, 2024 ... Tại Hà Nội, bên cạnh hàng loạt quán cà phê thì chi nhánh ""Highlands Nhà Hát Lớn"" đã trở thành địa điểm quen thuộc của nhiều người dân Thủ đô.",https://kenh14.vn/nhieu-nguoi-hoang-hot-khi-di-highlands-nha-hat-lon-dong-gia-99k-moi-thu-ve-thuong-hieu-deu-bi-an-20240217123507974.chn,
Nghĩa của từ Nhà hát - Từ điển Việt - Việt,Danh từ · nhà lớn chuyên dùng làm nơi trình diễn các tiết mục nghệ thuật sân khấu cho công chúng xem · đơn vị hành chính của ngành sân khấu.,http://tratu.soha.vn/dict/vn_vn/Nh%C3%A0_h%C3%A1t,
"Hơn cả một biểu tượng, nhà hát mang lại gì cho những thành phố ...","Jul 25, 2022 ... Không chỉ sở hữu kiến trúc nguy nga, tráng lệ và bề dày lịch sử, các nhà hát opera còn là nơi chứa đựng tinh hoa nghệ thuật cũng như là cầu ...",https://m.soha.vn/hon-ca-mot-bieu-tuong-nha-hat-mang-lai-gi-cho-nhung-thanh-pho-noi-tieng-20220726091244754.htm,
Người tạm thay NSND Xuân Bắc điều hành Nhà hát Kịch Việt Nam,"Nov 9, 2024 ... NSƯT Kiều Minh Hiếu - Phó Giám đốc Nhà hát Kịch Việt Nam sẽ điều hành hoạt động và đứng tên chủ tài khoản của nhà hát trong thời gian triển ...",https://soha.vn/nguoi-tam-thay-nsnd-xuan-bac-dieu-hanh-nha-hat-kich-viet-nam-198241109082723667.htm,
"Lý do hàng nghìn người đổ về Nhà hát Lớn Hà Nội hôm nay, tắc 5 ...","Nov 24, 2024 ... Ghi nhận vào khoảng 15h ngày 24/11, dù phải khoảng hơn 4 tiếng đồng hồ nữa đêm nhạc mới chính thức diễn ra nhưng ngay từ lúc này, Nhà hát Lớn Hà ...",https://soha.vn/ly-do-hang-nghin-nguoi-do-ve-nha-hat-lon-ha-noi-hom-nay-tac-5-nga-duong-198241124183102487.htm,
Nguyên quyền giám đốc Nhà hát Tuổi trẻ khoe nhà ở khu đất đắt đỏ ...,"Nov 21, 2024 ... Chí Trung được biết đến là một nghệ sĩ nổi tiếng trên sân khấu và truyền hình. Sau nhiều năm công tác ở Nhà hát Tuổi trẻ, ngày 1 tháng 6 năm ...",https://soha.vn/nguyen-quyen-giam-doc-nha-hat-tuoi-tre-khoe-nha-o-khu-dat-dat-do-danh-cho-cac-nghe-si-danh-gia-19824112116594236.htm,
"Nam Đại tá là NSND, Phó Giám đốc Nhà hát Chèo Quân đội đăng ...","Nov 10, 2024 ... Thanh Duy sinh năm 1986 tại Trà Vinh. Nam nghệ sĩ được đánh già là người đa tài ở cả diễn xuất và MC. Tự Long và Thanh Duy từng hợp tác với nhau ...",https://soha.vn/nam-dai-ta-la-nsnd-pho-giam-doc-nha-hat-cheo-quan-doi-dang-status-gan-300-chu-noi-ve-thanh-duy-198241110190552678.htm,
Sống động nhà hát mô phỏng Trái đất trị giá 2 tỷ USD ở Las Vegas,"Jul 11, 2023 ... Công trình kiến trúc nhà hát hình cầu khổng lồ tại Las Vegas (Mỹ) sẽ chính thức mở cửa vào tháng 9/2023, hứa hẹn mang đến những màn trình ...",https://soha.vn/song-dong-nha-hat-mo-phong-trai-dat-tri-gia-2-ty-usd-o-las-vegas-20230711013747945.htm,
Bất ngờ với tiền lương Giám đốc Nhà hát chèo Việt Nam,"Jan 29, 2014 ... (Soha.vn) - NSƯT Thanh Ngoan - Giám đốc Nhà hát chèo VN tiết lộ nhân viên của Nhà hát ít nhất sẽ có tháng lương thứ 13 làm thưởng Tết.",https://soha.vn/van-hoa/bat-ngo-voi-tien-luong-giam-doc-nha-hat-cheo-viet-nam-20140109230927894.htm,
"Cuộc sống viên mãn của 2 nam Đại tá là NSND, Giám đốc, Phó ...","Nov 9, 2024 ... 2 nam Đại tá là NSND, Giám đốc, Phó giám đốc Nhà hát Chèo Quân đội không chỉ có sự nghiệp rực rỡ mà còn có cuộc sống hôn nhân viên mãn, ...",https://soha.vn/cuoc-song-vien-man-cua-2-nam-dai-ta-la-nsnd-giam-doc-pho-giam-doc-nha-hat-cheo-quan-doi-198241108235140289.htm,
Nhan sắc vợ của nam NSND là Giám đốc Nhà hát Ca múa nhạc ...,"Jul 25, 2024 ... Nhan sắc vợ của nam NSND là Giám đốc Nhà hát Ca múa nhạc Thăng Long. NSND Thu Huyền gây ấn tượng với nhiều vai diễn như Thị Mầu, Súy Vân, Hoạn ...",https://soha.vn/nhan-sac-vo-cua-nam-nsnd-la-giam-doc-nha-hat-ca-mua-nhac-thang-long-19824072516552452.htm,
Cùng ngắm nhìn nhà hát Hamburg - Công trình được thiết kế và thi ...,"Jun 30, 2017 ... Nếu bạn đang thắc mắc, công trình kiến trúc nào là biểu tượng của thế kỉ 21. The Elbphilharmonie - Nhà hát Hamburg chính là câu trả lời dành ...",https://genk.vn/cung-ngam-nhin-nha-hat-hamburg-cong-trinh-duoc-thiet-ke-va-thi-cong-trong-16-nam-bieu-tuong-cua-kien-truc-the-ky-21-20170504143554084.chn,
Bên trong Nhà hát Steve Jobs - nơi diễn ra sự kiện Apple - một tuyệt ...,"Sep 20, 2017 ... Toàn bộ diện tích của Steve Jobs Theater là khoảng 15,500 mét vuông, trong đó những khu vực như phòng trưng bày hay hội trường nằm sâu phía dưới ...",https://genk.vn/ben-trong-nha-hat-steve-jobs-noi-dien-ra-su-kien-apple-mot-tuyet-tac-nhu-chinh-chiec-iphone-vay-20170916111725915.chn,
"Gần 3.650 ngày thi công, ""nhà hát dưới lòng đất"" thuộc tuyến metro ...","Oct 25, 2023 ... Theo Ban Quản lý đường sắt đô thị TP.HCM, ga Nhà hát Thành phố của tuyến metro Bến Thành - Suối Tiên đã cơ bản hoàn thành sau gần 10 năm thi ...",https://genk.vn/gan-3650-ngay-thi-cong-nha-hat-duoi-long-dat-thuoc-tuyen-metro-43700-ty-co-gi-20231025151429096.chn,
"Trải nghiệm ""Nhà hát của những giấc mơ"" ngay tại nhà trong trận ...","Dec 6, 2023 ... Một chiếc TV màn hình lớn với chất lượng nghe nhìn xứng tầm vào dịp này sẽ là một món quà 2-trong-1 cho fan thể thao, vừa trải nghiệm mãn nhãn ...",https://genk.vn/trai-nghiem-nha-hat-cua-nhung-giac-mo-ngay-tai-nha-trong-tran-kinh-dien-mu-va-chelsea-20231206173029744.chn,
Đến lượt nhà hát opera ở Sydney thắt chặt sử dụng gậy tự sướng,"Jul 8, 2015 ... Nhà hát nổi tiếng Sydney (Sydney Opera House) ở Úc vừa ra những quy định cụ thể liên quan đến việc cấm sử dụng ""gậy tự sướng"" trong một số ...",https://genk.vn/den-luot-nha-hat-opera-o-sydney-that-chat-su-dung-gay-tu-suong-2015070618353031.chn,
"Nhà hát Steve Jobs sẽ sử dụng thang máy quay và ""bức tường ẩn ...","Sep 8, 2017 ... Apple sẽ cho ra mắt iPhone 8 vào ngày 12 tháng 9 tới tại khuôn viên Apple Park (Cupertino, California). Tuy nhiên, rất có thể iPhone 8 không ...",https://genk.vn/nha-hat-steve-jobs-se-su-dung-thang-may-quay-va-buc-tuong-an-trong-ngay-ra-mat-iphone-8-20170907141333836.chn,
Cận cảnh Apple Park: Văn phòng đẹp nhất thế giới trị giá 5 tỷ USD ...,"Sep 14, 2021 ... Thế giới sẽ một lần nữa quay trở lại Apple Park và Nhà hát Steve Jobs ở Cupertino, Mỹ. Đây là nơi sẽ diễn ra sự kiện ra mắt iPhone 13 và các ...",https://genk.vn/can-canh-apple-park-van-phong-dep-nhat-the-gioi-tri-gia-5-ty-usd-noi-to-chuc-buoi-ra-mat-iphone-13-dem-nay-20210914224017108.chn,
Kinh ngạc TTTM khổng lồ của Trung Quốc: Lớn gấp 20 lần nhà hát ...,"Sep 30, 2023 ... Tại thủ phủ tỉnh Tứ Xuyên, một trong những đô thị phát triển nhanh chóng bậc nhất Trung Quốc với hơn 14 triệu dân, New Century Global Centre ( ...",https://genk.vn/kinh-ngac-tttm-khong-lo-cua-trung-quoc-lon-gap-20-lan-nha-hat-opera-bien-khong-lo-ngay-trong-nha-mat-troi-nhan-tao-chieu-sang-24-7-20230930103006762.chn,
Đón Haloween với chiếc mặt nạ kinh dị sẽ giúp bạn học lập trình AI,"Oct 19, 2017 ... Chiếc mặt nạ kinh dị theo phong cách ''Bóng ma trong nhà hát'' này hứa hẹn sẽ giúp bạn học cách lập trình AI để tự tạo ra một con robot ...",https://genk.vn/don-haloween-voi-chiec-mat-na-kinh-di-se-giup-ban-hoc-lap-trinh-ai-20171019093124179.chn,
10 công trình có khối lượng khổng lồ mà con người từng di chuyển,"Apr 3, 2015 ... Nhà hát nghệ thuật Shubert – 2908 tấn. Nhà hát cổ kính nhất ở Minneapolis, với khối lượng 2908 tấn. Mở cửa từ những năm 1910, nơi đây từng ...",https://genk.vn/10-cong-trinh-co-khoi-luong-khong-lo-ma-con-nguoi-tung-di-chuyen-20150402231124272.chn,
Hà Nội dự kiến xây dựng nhà hát rộng 13.000 m2 sát Hồ Tây - Báo ...,"Nov 28, 2024 ... Điểm nhấn của đồ án là công trình nhà hát được xây dựng sát Hồ Tây. Theo phương án đã được đưa ra lấy ý kiến nhân dân trước đó, nhà hát có diện ...",https://vnexpress.net/ha-noi-du-kien-xay-dung-nha-hat-rong-13-000-m2-sat-ho-tay-4821450.html,
Hà Anh Tuấn hát trước 2.600 khán giả ở nhà hát Opera Sydney ...,"Sep 30, 2024 ... Hà Anh Tuấn hát trước 2.600 khán giả ở nhà hát Opera Sydney. AustraliaHà Anh Tuấn hát hơn 20 bài trong live concert ""Sketch a Rose"", xúc động ...",https://vnexpress.net/ha-anh-tuan-hat-truoc-2-600-khan-gia-o-nha-hat-opera-sydney-4798319.html,
Quá trình xây dựng trắc trở của kỳ quan - Nhà hát Opera Sydney ...,19 hours ago ... Australia- Việc khởi công trước khi hoàn thiện thiết kế và mái vòm phức tạp gồm nhiều mảnh khiến quá trình xây Nhà hát Opera Sydney bị kéo ...,https://vnexpress.net/qua-trinh-xay-dung-trac-tro-cua-ky-quan-nha-hat-opera-sydney-4837085.html,
Nghệ sĩ Tự Long làm giám đốc Nhà hát Chèo Quân đội - Báo ...,"Dec 30, 2024 ... Nghệ sĩ Tự Long được bổ nhiệm làm giám đốc Nhà hát Chèo Quân đội, thay nghệ sĩ Quốc Trượng nghỉ hưu. - VnExpress.",https://vnexpress.net/nghe-si-tu-long-lam-giam-doc-nha-hat-cheo-quan-doi-4833812.html,
Nhà hát quan họ đoạt giải nhì kiến trúc quốc gia - Báo VnExpress,"May 15, 2023 ... Nhà hát quan họ đoạt giải nhì kiến trúc quốc gia · Lối đi sảnh tầng một nhà hát, bên trái là hàng ghế gỗ ngồi chờ, bên phải là các tủ trưng bày ...",https://vnexpress.net/nha-hat-quan-ho-doat-giai-nhi-kien-truc-quoc-gia-4605494.html,
Khánh thành Nhà hát Hồ Gươm - Báo VnExpress,"Jul 9, 2023 ... Nhà hát Hồ Gươm tọa lạc tại số 40-40A Hàng Bài (quận Hoàn Kiếm), được khởi công tháng 10/2021. Công trình được xây dựng trên khu đất hơn 5.000 ...",https://vnexpress.net/khanh-thanh-nha-hat-ho-guom-4626786.html,
Hà Nội dự kiến xây nhà hát sát Hồ Tây - Báo VnExpress,"Jul 13, 2022 ... Nhà hát có diện tích khoảng 13.000 m2, thiết kế nổi trên mặt hồ Đầm Trị, sẽ là không gian trình diễn nghệ thuật, tổ chức các sự kiện văn hóa ...",https://vnexpress.net/ha-noi-du-kien-xay-nha-hat-sat-ho-tay-4486917.html,
Nhà hát giao hưởng 1.000 chỗ ở Vĩnh Phúc thường xuyên đóng cửa ...,"Oct 19, 2018 ... Cách trung tâm Hà Nội 50 km với hơn một giờ lái xe, nhà hát Vĩnh Phúc được đánh giá là một trong những nhà hát giao hưởng có quy mô lớn nhất cả ...",https://vnexpress.net/nha-hat-giao-huong-1-000-cho-o-vinh-phuc-thuong-xuyen-dong-cua-3825909.html,
Quy mô các nhà hát giao hưởng hàng đầu thế giới - Báo VnExpress ...,"Oct 13, 2018 ... Công trình rộng 60.000 mét vuông, có hình dáng vỏ trái sầu riêng. Đây là cụm phức hợp gồm sáu địa điểm biểu diễn, trong đó rạp hát có sức chứa ...",https://vnexpress.net/quy-mo-cac-nha-ha-t-giao-huo-ng-hang-dau-the-gio-i-3822372.html,
Các nhà hát ở TP HCM đang hoạt động ra sao - Báo VnExpress Giải ...,"Oct 12, 2018 ... Nhà hát Bến Thành (quận 1) có hai lầu với sức chứa hơn 1.000 ghế. Những năm gần đây, nhà hát cải tiến hơn về âm thanh với hệ thống máy móc do ...",https://vnexpress.net/cac-nha-hat-o-tp-hcm-dang-hoat-dong-ra-sao-3822730.html,
Chân dung vợ Phó giám đốc Nhà hát Kịch nói Quân đội: Là nữ thiếu ...,"Sep 25, 2024 ... Đặc biệt hơn, nữ diễn viên sinh năm 1987 là một nữ quân nhân chuyên nghiệp mang hàm thiếu tá, thuộc quân số Nhà hát Kịch nói Quân đội. Chồng cô ...",https://baomoi.com/chan-dung-vo-pho-giam-doc-nha-hat-kich-noi-quan-doi-la-nu-thieu-ta-xinh-dep-sac-voc-van-nguoi-me-c50270869.epi,
Nhà hát Lớn Hà Nội được xây dựng như thế nào? - Tạp chí Tri thức,"Jul 28, 2020 ... Phần xây nhô phía trước là một cầu thang bộ rộng rãi dùng làm lối vào cho người đi bộ; hai bên là 2 cổng dành cho ôtô; cả ba đều dẫn đến sảnh ...",https://baomoi.com/nha-hat-lon-ha-noi-duoc-xay-dung-nhu-the-nao-c35836864.epi,
Nhà hát Lớn Hà Nội bị xâm hại: Chấm dứt hoạt động của Highlands ...,"Nov 22, 2022 ... Hoàn Kiếm) bị xâm hại, đại diện Ban Quản lý Nhà hát Lớn Hà Nội cho biết, đơn vị sẽ chấm dứt hoạt động kinh doanh của Highlands Coffee và có tờ ...",https://baomoi.com/nha-hat-lon-ha-noi-bi-xam-hai-cham-dut-hoat-dong-cua-highlands-coffee-c44343677.epi,
Nhà hát Lớn Hà Nội dự kiến đóng cửa cả năm 2024 để tu bổ - Báo ...,"Apr 4, 2023 ... Theo bà Nguyệt, dự án tu bổ, tôn tạo công trình Nhà hát Lớn dự kiến kéo dài từ 2023 đến 2025, song do nhà hát là đơn vị tự chủ, nếu đóng cửa kéo ...",https://baomoi.com/nha-hat-lon-ha-noi-du-kien-dong-cua-ca-nam-2024-de-tu-bo-c45467428.epi,
NSƯT Kiều Minh Hiếu đảm nhận vị trí giám đốc Nhà hát Kịch Việt ...,"Nov 8, 2024 ... Theo thông tin mới nhất từ Bộ Văn hóa, Thể thao và Du lịch (Bộ VHTT&DL), Bộ Văn hóa đã giao NSƯT Kiều Minh Hiếu - Phó Giám đốc Nhà hát Kịch Việt ...",https://baomoi.com/nsut-kieu-minh-hieu-dam-nhan-vi-tri-giam-doc-nha-hat-kich-viet-nam-thay-nsnd-xuan-bac-c50665561.epi,
NSƯT Kiều Minh Hiếu thay NSND Xuân Bắc điều hành Nhà hát ...,"Nov 9, 2024 ... Sau khi NSND Xuân Bắc - Giám đốc Nhà hát Kịch Việt Nam được Bộ Văn hóa, Thể thao và Du lịch điều động giữ chức Cục trưởng Cục Nghệ thuật ...",https://baomoi.com/nsut-kieu-minh-hieu-thay-nsnd-xuan-bac-dieu-hanh-nha-hat-kich-viet-nam-c50678853.epi,
"Hôn nhân kín tiếng bên vợ kém 19 tuổi của nam NSND, Giám đốc ...","Aug 15, 2024 ... NSND Trung Hiếu là nghệ sĩ gạo cội của sân khấu kịch đất Bắc, hiện tại anh đang là người đứng đầu Nhà hát Kịch Hà Nội.",https://baomoi.com/hon-nhan-kin-tieng-ben-vo-kem-19-tuoi-cua-nam-nsnd-giam-doc-nha-hat-kich-ha-noi-c49908472.epi,
Người 'kế vị' NSND Xuân Bắc lãnh đạo Nhà hát Kịch Việt Nam là ...,"Nov 8, 2024 ... Nam NSƯT thay NSND Xuân Bắc điều hành Nhà hát Kịch Việt Nam từng tham gia nhiều vở diễn ấn tượng như Kiều, Lâu đài cát, Người thi hành án tử ...",https://baomoi.com/nguoi-ke-vi-nsnd-xuan-bac-lanh-dao-nha-hat-kich-viet-nam-la-nsut-rat-quen-mat-voi-khan-gia-c50668309.epi,
NSND Nguyễn Thị Thu Hà được tặng Giải thưởng Nhà nước về văn ...,"Jul 31, 2023 ... Ngày 19/5/2023, Đại tá, Tiến sĩ, NSND Nguyễn Thị Thu Hà - Giám đốc Nhà hát Nghệ thuật thực hành Trường Đại học Văn hóa Nghệ thuật Quân đội ...",https://baomoi.com/nsnd-nguyen-thi-thu-ha-duoc-tang-giai-thuong-nha-nuoc-ve-van-hoc-nghe-thuat-nam-2022-c46506742.epi,
Bí ẩn 6 'bóng ma' trong nhà hát kịch - Báo Tri thức & Cuộc sống,"Oct 26, 2013 ... 4. Nhà hát hoàng gia Drury Lane, London, Anh: Người dân xứ sở sương mù đồn đại rằng đây là nơi ở của một trong những con ma nổi tiếng nhất nước ...",https://baomoi.com/bi-an-6-bong-ma-trong-nha-hat-kich/c/12263484.epi,
NSND Tự Long giữ chức Giám đốc Nhà hát Chèo Quân đội,"Dec 31, 2024 ... Chiều 30.12, Đại tá, NSND Tự Long nhận quyết định bổ nhiệm vai trò Giám đốc Nhà hát Chèo Quân đội, sau khi Đại tá, NSND Nguyễn Quốc Trượng ...",https://thanhnien.vn/nsnd-tu-long-giu-chuc-giam-doc-nha-hat-cheo-quan-doi-18524123101142834.htm,
Việt Nam có nhà hát opera vào top tuyệt nhất thế giới,"Dec 8, 2023 ... 'Gã khổng lồ' Arup đưa nhà hát Opera Hà Nội lên trang web toàn cầu · Trong bài đăng mới trên trang web chính thức của mình, Arup Engineering ...",https://thanhnien.vn/viet-nam-co-nha-hat-opera-vao-top-tuyet-nhat-the-gioi-185231207194706475.htm,
TP.HCM khởi động lại dự án nhà hát Thủ Thiêm gần 2.000 tỉ đồng,"May 11, 2024 ... Nhà hát có quy mô 1.700 chỗ ngồi, gồm 1 khán phòng lớn 1.200 chỗ và 1 khán phòng nhỏ 500 chỗ. Nhà hát nằm trên lô đất có ký hiệu 1-21 (bên hông ...",https://thanhnien.vn/tphcm-khoi-dong-lai-du-an-nha-hat-thu-thiem-gan-2000-ti-dong-18524051111571958.htm,
Nhà hát Hồ Gươm biểu tượng văn hóa mới của Hà Nội,"Jul 10, 2023 ... Đây là một thiết chế văn hóa với không gian văn hóa nghệ thuật hiện đại xen lẫn truyền thống, có cơ sở vật chất đồng bộ, hiện đại, có kết nối ...",https://thanhnien.vn/nha-hat-ho-guom-bieu-tuong-van-hoa-moi-cua-ha-noi-185230709214832561.htm,
'Những con ma nhà hát' - bi kịch của nghệ thuật,"Jul 10, 2024 ... Sân khấu Thiên Đăng (TP.HCM) vừa công diễn vở Những con ma nhà hát (tác giả Lê Hoàng, đạo diễn NSƯT Thành Lộc) với nội dung sâu cay về nghệ ...",https://thanhnien.vn/nhung-con-ma-nha-hat-bi-kich-cua-nghe-thuat-185240709212043321.htm,
Nhà hát Opera Hà Nội nâng tầm giá trị của Hồ Tây,"Oct 7, 2022 ... Việc xây dựng một nhà hát opera ở Hồ Tây là một công trình hết sức quan trọng đối với Hà Nội, không chỉ tạo nên biểu tượng mới cho thủ đô, giúp ...",https://thanhnien.vn/nha-hat-opera-ha-noi-nang-tam-gia-tri-cua-ho-tay-1851507484.htm,
Cận cảnh kiến trúc ấn tượng của Nhà hát Hồ Gươm,"Jul 9, 2023 ... Nhà hát Hồ Gươm là nhà hát đầu tiên tại Việt Nam được cung cấp loại máy móc thiết bị đạt tiêu chuẩn quốc tế, có khả năng đáp ứng đa dạng yêu cầu ...",https://thanhnien.vn/can-canh-kien-truc-an-tuong-cua-nha-hat-ho-guom-185230709184641072.htm,
Vụ khủng bố Paris: Nhà hát Bataclan là mục tiêu lâu năm của các ...,"Nov 14, 2015 ... (TNO) Từ vài năm qua, nhà hát Bataclan, nơi xảy ra vụ tấn công và tàn sát con tin đêm 13.11 tại thủ đô Paris (Pháp) đã là đích ngắm của ...",https://thanhnien.vn/vu-khung-bo-paris-nha-hat-bataclan-la-muc-tieu-lau-nam-cua-cac-nhom-cuc-doan-185517570.htm,
Hà Nội sẽ có nhà hát Ngọc trai 10.000 tỉ đồng sát hồ Tây,"Nov 28, 2024 ... Đồ án Quy hoạch chi tiết khu vực trục không gian trung tâm bán đảo Quảng An, tỷ lệ 1/500 thể hiện sát hồ Tây (Hà Nội) sẽ được đầu tư xây ...",https://thanhnien.vn/ha-noi-se-co-nha-hat-ngoc-trai-10000-ti-dong-sat-ho-tay-18524112812044703.htm,
Nhà hát Hồ Gươm - góc nhìn từ 'âm học kiến trúc',"Sep 1, 2023 ... Khi Caroline Campbell độc tấu, những thanh âm đầy mê hoặc, những quãng bỏ nhỏ và staccato cực kỳ cá tính và phóng khoáng của cô đã không chỉ phô ...",https://thanhnien.vn/nha-hat-ho-guom-goc-nhin-tu-am-hoc-kien-truc-185230831144746318.htm,
NSND Tự Long giữ chức Giám đốc Nhà hát Chèo Quân đội,"Còn theo quyết định số 133/QĐX-BQP ngày 10/12/2024 của Bộ trưởng Bộ Quốc phòng về việc để Đại tá, NSND Nguyễn Quốc Trượng, Giám đốc Nhà hát Chèo Quân đội nghỉ ...",http://www.msn.com/vi-vn/entertainment/news/nsnd-t%E1%BB%B1-long-gi%E1%BB%AF-ch%E1%BB%A9c-gi%C3%A1m-%C4%91%E1%BB%91c-nh%C3%A0-h%C3%A1t-ch%C3%A8o-qu%C3%A2n-%C4%91%E1%BB%99i/ar-AA1wHH51?apiversion=v2&noservercache=1&domshim=1&renderwebcomponents=1&wcseo=1&batchservertelemetry=1&noservertelemetry=1,
Ai sẽ thay NSND Xuân Bắc làm Giám đốc Nhà hát Kịch Việt Nam?,"Nov 1, 2024 ... Ai sẽ thay NSND Xuân Bắc làm Giám đốc Nhà hát Kịch Việt Nam? ... NSND Xuân Bắc sẽ nhận nhiệm vụ mới là Cục trưởng Cục Nghệ thuật Biểu diễn từ ngày ...",https://www.msn.com/vi-vn/lifestyle/living/ai-s%E1%BA%BD-thay-nsnd-xu%C3%A2n-b%E1%BA%AFc-l%C3%A0m-gi%C3%A1m-%C4%91%E1%BB%91c-nh%C3%A0-h%C3%A1t-k%E1%BB%8Bch-vi%E1%BB%87t-nam/ar-AA1tilCG,
"Cháy quán bar ở tầng hầm Nhà hát Trưng Vương, Đà Nẵng",Vụ cháy quán bar ở tầng hầm đã khiến khói mù mịt bao phủ xung quanh khu vực Nhà hát Trưng Vương ở trung tâm thành phố Đà Nẵng.,https://www.msn.com/vi-vn/news/national/ch%C3%A1y-qu%C3%A1n-bar-%E1%BB%9F-t%E1%BA%A7ng-h%E1%BA%A7m-nh%C3%A0-h%C3%A1t-tr%C6%B0ng-v%C6%B0%C6%A1ng-%C4%91%C3%A0-n%E1%BA%B5ng/ar-AA1s40Z9,
Tự Long làm giám đốc Nhà hát Chèo Quân đội; BTS hoãn lên sóng ...,Một số tin nổi bật: Tự Long làm giám đốc Nhà hát Chèo Quân đội; BTS hoãn lên sóng vì thảm kịch cháy máy bay; Park Sung Hoon gây tranh cãi; Hoa hậu Quốc gia ...,http://www.msn.com/vi-vn/entertainment/news/t%E1%BB%B1-long-l%C3%A0m-gi%C3%A1m-%C4%91%E1%BB%91c-nh%C3%A0-h%C3%A1t-ch%C3%A8o-qu%C3%A2n-%C4%91%E1%BB%99i-bts-ho%C3%A3n-l%C3%AAn-s%C3%B3ng-v%C3%AC-th%E1%BA%A3m-k%E1%BB%8Bch-ch%C3%A1y-m%C3%A1y-bay/ar-AA1wKwQJ?apiversion=v2&noservercache=1&domshim=1&renderwebcomponents=1&wcseo=1&batchservertelemetry=1&noservertelemetry=1,
Nghệ sĩ Tự Long làm giám đốc Nhà hát Chèo Quân đội,"... Nhà hát Chèo Quân đội, thay nghệ sĩ Quốc Trượng nghỉ hưu. Tại lễ nhậm chức chiều 30/12 ở Hà Nội, anh cho biết sẽ cùng tập thể nhà hát phát huy truyền thống ...",http://www.msn.com/vi-vn/entertainment/news/ngh%E1%BB%87-s%C4%A9-t%E1%BB%B1-long-l%C3%A0m-gi%C3%A1m-%C4%91%E1%BB%91c-nh%C3%A0-h%C3%A1t-ch%C3%A8o-qu%C3%A2n-%C4%91%E1%BB%99i/ar-AA1wIfFD?apiversion=v2&noservercache=1&domshim=1&renderwebcomponents=1&wcseo=1&batchservertelemetry=1&noservertelemetry=1,
Nhà hát Kịch Việt Nam 'khai Xuân' với kiệt tác trăm tuổi đến từ nước ...,"Mở đầu cho hoạt động nghệ thuật năm 2024, Nhà hát Kịch Việt Nam giới thiệu vở hài kịch ""Ả cave nhà hàng Maxim"" của tác giả người Pháp, công diễn lần đầu tại ...",https://www.msn.com/vi-vn/lifestyle/living/nh%C3%A0-h%C3%A1t-k%E1%BB%8Bch-vi%E1%BB%87t-nam-khai-xu%C3%A2n-v%E1%BB%9Bi-ki%E1%BB%87t-t%C3%A1c-tr%C4%83m-tu%E1%BB%95i-%C4%91%E1%BA%BFn-t%E1%BB%AB-n%C6%B0%E1%BB%9Bc-ph%C3%A1p/ar-BB1irQ0Z,
NSND Tự Long giữ chức Giám đốc Nhà hát Chèo Quân đội,"TPO - Tại Hội nghị bàn giao chức trách, nhiệm vụ Giám đốc Nhà hát Chèo Quân đội tổ chức ngày 30/12, NSND Tự Long chính thức giữ chức vụ Giám đốc Nhà hát ...",https://www.msn.com/vi-vn/entertainment/news/nsnd-t%E1%BB%B1-long-gi%E1%BB%AF-ch%E1%BB%A9c-gi%C3%A1m-%C4%91%E1%BB%91c-nh%C3%A0-h%C3%A1t-ch%C3%A8o-qu%C3%A2n-%C4%91%E1%BB%99i/ar-AA1wHLsd,
Ai thay thế vị trí giám đốc của NSND Xuân Bắc ở Nhà hát Kịch Việt ...,Lãnh đạo của Nhà hát Kịch Việt Nam sẽ do lãnh đạo Bộ VHTTDL quyết định. Để biết được người kế nhiệm NSND Xuân Bắc vẫn phải đợi thông báo chính thức từ Bộ VHTTDL ...,http://www.msn.com/vi-vn/entertainment/news/ai-thay-th%E1%BA%BF-v%E1%BB%8B-tr%C3%AD-gi%C3%A1m-%C4%91%E1%BB%91c-c%E1%BB%A7a-nsnd-xu%C3%A2n-b%E1%BA%AFc-%E1%BB%9F-nh%C3%A0-h%C3%A1t-k%E1%BB%8Bch-vi%E1%BB%87t-nam/ar-AA1teVj7?apiversion=v2&noservercache=1&domshim=1&renderwebcomponents=1&wcseo=1&batchservertelemetry=1&noservertelemetry=1,
Diễn kịch kỷ niệm 260 năm ngày sinh Đức ông Tả quân Lê Văn Duyệt,"Tối 10-7, tại Nhà hát Thanh Niên, Nhà hát kịch Idecaf sẽ biểu diễn suất kịch đặc biệt mừng 260 năm ngày sinh của đức ông Lê Văn Duyệt.",http://www.msn.com/vi-vn/lifestyle/living/di%E1%BB%85n-k%E1%BB%8Bch-k%E1%BB%B7-ni%E1%BB%87m-260-n%C4%83m-ng%C3%A0y-sinh-%C4%91%E1%BB%A9c-%C3%B4ng-t%E1%BA%A3-qu%C3%A2n-l%C3%AA-v%C4%83n-duy%E1%BB%87t/ar-BB1pM8Lq?apiversion=v2&noservercache=1&domshim=1&renderwebcomponents=1&wcseo=1&batchservertelemetry=1&noservertelemetry=1,
"Duy Hưng, Thanh Hương thắng giải diễn viên ấn tượng","Các màn trình diễn của nghệ sĩ tại Nhà hát Hồ Gươm. VTV Awards 2024 cũng trao giải Gương mặt trẻ ấn tượng cho cho vận động viên Nguyễn Thị Hương, Hình ảnh lan ...",http://www.msn.com/vi-vn/entertainment/news/duy-h%C6%B0ng-thanh-h%C6%B0%C6%A1ng-th%E1%BA%AFng-gi%E1%BA%A3i-di%E1%BB%85n-vi%C3%AAn-%E1%BA%A5n-t%C6%B0%E1%BB%A3ng/ar-AA1wOcJx?apiversion=v2&noservercache=1&domshim=1&renderwebcomponents=1&wcseo=1&batchservertelemetry=1&noservertelemetry=1,
Tổ chức chương trình văn nghệ thuê một nhà hát thì có cần xin giấy ...,"Feb 10, 2021 ... Tổ chức chương trình văn nghệ thuê một nhà hát thì có cần xin giấy phép không? Trường hợp xin phép tổ chức sự kiện.",https://luatduonggia.vn/to-chuc-chuong-trinh-van-nghe-thue-mot-nha-hat-thi-co-can-xin-giay-phep-khong/,
Viết lại lời bài hát có vi phạm bản quyền không?,"Oct 1, 2024 ... Có thể thấy, việc chế lời bài hát là việc sử dụng tác phẩm âm nhạc đã có để phóng tác. ... Trách nhiệm bồi thường thiệt hại do nhà cửa, công trình ...",https://danang.luatduonggia.vn/kien-thuc-phap-luat/viet-lai-loi-bai-hat-co-vi-pham-ban-quyen-khong.html,
Công trình văn hóa là gì? Công trình văn hóa bao gồm?,"Aug 19, 2024 ... Những công trình này, như Trung tâm hội nghị, nhà hát, bảo tàng hay triển lãm mang lại cho người dân cơ hội trải nghiệm tốt hơn và cũng giúp đất ...",https://luatduonggia.vn/cong-trinh-van-hoa-la-gi-cong-trinh-van-hoa-bao-gom/,
"Vi phạm bản quyền âm nhạc, bài hát bị xử phạt như thế nào?","Nov 16, 2022 ... Chủ thể bản quyền ở đây có thể là tác giả, người tạo ra tác phẩm, nhà xuất bản hay các doanh nghiệp được giao bản quyền để phân phối. Theo đó vi ...",https://danang.luatduonggia.vn/kien-thuc-phap-luat/vi-pham-ban-quyen-am-nhac-bai-hat-bi-xu-phat-nhu-the-nao.html,
Tiểu sử cuộc đời và sự nghiệp sáng tác của Nguyễn Huy Tưởng,"Nov 7, 2024 ... Ông là đại biểu Quốc hội khóa I năm 1946, cũng là năm vở kịch Bắc Sơn của ông lần đầu tiên được trình diễn tại Nhà hát Lớn, thu hút sự chú ý lớn ...",https://luatduonggia.vn/tieu-su-cuoc-doi-va-su-nghiep-sang-tac-cua-nguyen-huy-tuong/,
Thủ tục xin cấp phép tổ chức cuộc thi nhảy,"Feb 10, 2021 ... ... nhà hát thì có cần xin giấy phép không? Theo quy định ... Tổ chức chương trình văn nghệ thuê một nhà hát thì có cần xin giấy phép không?",https://luatduonggia.vn/thu-tuc-xin-cap-phep-to-chuc-cuoc-thi-nhay/,
Phân loại và phân cấp công trình xây dựng mới nhất 2023,"Apr 7, 2023 ... + Công trình văn hóa: Trung tâm hội nghị, nhà hát, nhà văn hóa, câu lạc bộ, rạp chiếu phim, rạp xiếc; bảo tàng, thư viện, triển lãm, nhà trưng ...",https://luatduonggia.vn/phan-loai-va-phan-cap-cong-trinh-xay-dung/,
Những bài hát chủ đề giao thông của trẻ em hay nhất,"Aug 29, 2024 ... Lời bài hát. “Lời cô dặn em chẳng dám quên. Tan học về phải đi mau về nhà. Không được la cà đùa giỡn hay rượt nhau. Khi băng qua đường em nhớ ...",https://luatduonggia.vn/nhung-bai-hat-chu-de-giao-thong-cua-tre-em-hay-nhat/,
Tiểu sử cuộc đời và sự nghiệp của William Shakespeare,"Nov 16, 2024 ... Khi bắt đầu sự nghiệp, William Shakespeare học theo nhiều nhà kịch thời đó, lấy cảm hứng từ trong nhà hát London. Nó dựa trên khả năng diễn ...",https://luatduonggia.vn/tieu-su-cuoc-doi-va-su-nghiep-cua-william-shakespeare/,
Chủ nhà trọ không đăng ký tạm trú cho khách bị phạt thế nào?,"Nov 5, 2022 ... – Thông tư số 56/2021/TT-BCA;. 1. Nơi tạm trú là gì? Căn cứ theo quy định tại khoản 9, Điều 2 ...",https://danang.luatduonggia.vn/hanh-chinh/chu-nha-tro-khong-dang-ky-tam-tru-cho-khach-bi-phat-the-nao.html,
Nhà hát (kiến trúc) – Wikipedia tiếng Việt,"Nhà hát (kiến trúc) ... Nhà hát hay Kịch viện là một cấu trúc nơi các tác phẩm sân khấu hoặc vở kịch được biểu diễn, hoặc các buổi biểu diễn khác như buổi hòa ...",https://vi.wikipedia.org/wiki/Nh%C3%A0_h%C3%A1t_(ki%E1%BA%BFn_tr%C3%BAc),
Nhà hát Thành phố Hồ Chí Minh – Wikipedia tiếng Việt,"Nằm ở một vị trí thuận lợi tại trung tâm thành phố, nhà hát được xem là nhà hát trung tâm, đa năng chuyên tổ chức biểu diễn sân khấu nghệ thuật đồng thời cũng ...",https://vi.wikipedia.org/wiki/Nh%C3%A0_h%C3%A1t_Th%C3%A0nh_ph%E1%BB%91_H%E1%BB%93_Ch%C3%AD_Minh,
Nhà hát Chicago – Wikipedia tiếng Việt,"Nhà hát Chicago ... Nhà hát Chicago, ban đầu có tên là Nhà hát Balaban và Katz Chicago, là một nhà hát nằm trên ở phía bắc Phố State trong khu vực Loop của ...",https://vi.wikipedia.org/wiki/Nh%C3%A0_h%C3%A1t_Chicago,
Nhà hát Hòa Bình – Wikipedia tiếng Việt,"Công trình khánh thành và đưa vào sử dụng từ ngày 26 tháng 4 năm 1985. ... Đến nay, đây là nhà hát duy nhất có sân khấu đủ rộng và sâu để thiết kế nên một sân ...",https://vi.wikipedia.org/wiki/Nh%C3%A0_h%C3%A1t_H%C3%B2a_B%C3%ACnh,
Nhà hát Broadway – Wikipedia tiếng Việt,"Nhà hát Broadway ... Đừng nhầm lẫn với Sân khấu Broadway, một hệ thống 41 nhà hát ở thành phố New York, Mỹ. Nhà hát Broadway (tiếng Anh: Broadway Theatre) là một ...",https://vi.wikipedia.org/wiki/Nh%C3%A0_h%C3%A1t_Broadway,
Nhà hát Opera Sydney – Wikipedia tiếng Việt,"Nhà hát Opera Sydney ... Nhà hát Opera Sydney, được người Việt gọi là Nhà hát Con Sò) là một công trình nhà hát tại thành phố Sydney, Úc. Nhà hát có kiến trúc độc ...",https://vi.wikipedia.org/wiki/Nh%C3%A0_h%C3%A1t_Opera_Sydney,
Nhà hát Bolshoi – Wikipedia tiếng Việt,"Nhà hát Bolshoi ... Nhà hát Bolshoi (tiếng Nga: Большой театр, Bol'shoy teatr, có nghĩa là Nhà hát lớn) Còn đánh vần Bolshoy là một nhà hát lịch sử tại Moskva, ...",https://vi.wikipedia.org/wiki/Nh%C3%A0_h%C3%A1t_Bolshoi,"ti ng Nga Большой, театр Bol shoy teatr"
Nhà hát Sông Hương – Wikipedia tiếng Việt,"Nhà hát Sông Hương được đánh giá là công trình có vị trí ấn tượng tại Huế – xứ Huế, xứ sở mộng mơ, thành phố thơ mộng hay xứ thơ hàng đầu miền Trung nước Việt ...",https://vi.wikipedia.org/wiki/Nh%C3%A0_h%C3%A1t_S%C3%B4ng_H%C6%B0%C6%A1ng,
Nhà hát Benaroya – Wikipedia tiếng Việt,"Nhà hát Benaroya ... Đối với album của Pearl Jam, xem Live at Benaroya Hall. Nhà hát Benaroya là nhà của dàn nhạc giao hưởng Seattle Symphony nằm ở khu trung tâm ...",https://vi.wikipedia.org/wiki/Nh%C3%A0_h%C3%A1t_Benaroya,
Nhà hát Chèo Quân đội – Wikipedia tiếng Việt,"Nhà hát được thành lập trên cơ sở nâng cấp Đoàn Chèo Tổng cục Hậu cần từ năm 2010. Nhà hát Chèo Quân đội có trụ sở tại Phường Xuân Đỉnh, Quận Bắc Từ Liêm, Hà ...",https://vi.wikipedia.org/wiki/Nh%C3%A0_h%C3%A1t_Ch%C3%A8o_Qu%C3%A2n_%C4%91%E1%BB%99i,
"Ngày hội tư vấn tuyển sinh 2023: Gặp các trường đại học, cao đẳng ...","Ban tư vấn của ngày hội do Tuổi Trẻ xây dựng với sự tham gia của đại diện Vụ Giáo dục đại học (Bộ GD-ĐT), Cục Nhà ... hát tặng và giao lưu với học sinh tại ...",https://vnur.vn/ngay-hoi-tu-van-tuyen-sinh-2023-gap-cac-truong-dai-hoc-cao-dang-tai-tp-hcm/,
